"path","name","id","kind","mimeType","size","modifiedTime","webViewLink","extension"
"BIM_ROOT","1.00 INFORME DE MODELOS","1cvM5R-pkxkBfoFFSlH1DnzxmL4QFploO","folder","application/vnd.google-apps.folder",,"2026-04-15T22:21:51.264Z","https://drive.google.com/drive/folders/1cvM5R-pkxkBfoFFSlH1DnzxmL4QFploO",
"BIM_ROOT/1.00 INFORME DE MODELOS","ANEXO 1.00 INVENTARIO VIAL","1aeU_eUHTsl2lxmhwaq8kheP_fnEVIJ8J","folder","application/vnd.google-apps.folder",,"2026-04-21T13:15:58.815Z","https://drive.google.com/drive/folders/1aeU_eUHTsl2lxmhwaq8kheP_fnEVIJ8J",
"BIM_ROOT/1.00 INFORME DE MODELOS/ANEXO 1.00 INVENTARIO VIAL","5.01 FORMATO Nº05A - OBRAS DE ARTE","1HtZCwhDSUNOl6ibGjVd7ziCoW-2g1ljY","folder","application/vnd.google-apps.folder",,"2026-04-21T13:15:59.730Z","https://drive.google.com/drive/folders/1HtZCwhDSUNOl6ibGjVd7ziCoW-2g1ljY",
"BIM_ROOT/1.00 INFORME DE MODELOS/ANEXO 1.00 INVENTARIO VIAL/5.01 FORMATO Nº05A - OBRAS DE ARTE","1 FORMATO N° 5A - OBRAS DE ARTE.xlsx","1TvmUS-xKHEw2mrhF_slsJrr9i-Cl74bP","file","application/vnd.openxmlformats-officedocument.spreadsheetml.sheet","58836","2026-03-13T20:42:10.000Z","https://docs.google.com/spreadsheets/d/1TvmUS-xKHEw2mrhF_slsJrr9i-Cl74bP/edit?usp=drivesdk&ouid=111937121581374211483&rtpof=true&sd=true","xlsx"
"BIM_ROOT/1.00 INFORME DE MODELOS/ANEXO 1.00 INVENTARIO VIAL","5.02 FORMATO Nº05B - OBRAS DE DRENAJE","1gwvitEdkzROAWblG07i_tahwIBRt_dRl","folder","application/vnd.google-apps.folder",,"2026-04-21T13:15:59.731Z","https://drive.google.com/drive/folders/1gwvitEdkzROAWblG07i_tahwIBRt_dRl",
"BIM_ROOT/1.00 INFORME DE MODELOS/ANEXO 1.00 INVENTARIO VIAL/5.02 FORMATO Nº05B - OBRAS DE DRENAJE","2 FORMATOS 5B - OBRAS DE DRENAJE.xlsx","1Fp_FxSXCz2J63usqy8Med611jhyFzLJq","file","application/vnd.openxmlformats-officedocument.spreadsheetml.sheet","396232707","2026-03-13T20:43:08.000Z","https://docs.google.com/spreadsheets/d/1Fp_FxSXCz2J63usqy8Med611jhyFzLJq/edit?usp=drivesdk&ouid=111937121581374211483&rtpof=true&sd=true","xlsx"
"BIM_ROOT/1.00 INFORME DE MODELOS/ANEXO 1.00 INVENTARIO VIAL","1.00 FORMATO N 01.xlsx","1tiWWH9V8ebfQVwVlhe2jqGLYX0nXALSp","file","application/vnd.openxmlformats-officedocument.spreadsheetml.sheet","6941822","2026-03-13T20:33:06.000Z","https://docs.google.com/spreadsheets/d/1tiWWH9V8ebfQVwVlhe2jqGLYX0nXALSp/edit?usp=drivesdk&ouid=111937121581374211483&rtpof=true&sd=true","xlsx"
"BIM_ROOT/1.00 INFORME DE MODELOS/ANEXO 1.00 INVENTARIO VIAL","2.00 FORMATO N 02.xlsx","1admHak1iMCjfFM6maGL50NDU2S0e34Pi","file","application/vnd.openxmlformats-officedocument.spreadsheetml.sheet","71975235","2026-03-13T20:34:44.000Z","https://docs.google.com/spreadsheets/d/1admHak1iMCjfFM6maGL50NDU2S0e34Pi/edit?usp=drivesdk&ouid=111937121581374211483&rtpof=true&sd=true","xlsx"
"BIM_ROOT/1.00 INFORME DE MODELOS/ANEXO 1.00 INVENTARIO VIAL","3.00 FORMATO N°3A..xlsx","13Xf-eUq-G8YzapOcpfKbMbeo2kDFFQfw","file","application/vnd.openxmlformats-officedocument.spreadsheetml.sheet","66855120","2026-03-13T20:39:41.000Z","https://docs.google.com/spreadsheets/d/13Xf-eUq-G8YzapOcpfKbMbeo2kDFFQfw/edit?usp=drivesdk&ouid=111937121581374211483&rtpof=true&sd=true","xlsx"
"BIM_ROOT/1.00 INFORME DE MODELOS/ANEXO 1.00 INVENTARIO VIAL","4.00 FORMATO N°4.xlsx","17MdwrHugbGm1qmMUPwcYiPZGTT0MAYfd","file","application/vnd.openxmlformats-officedocument.spreadsheetml.sheet","7793561","2026-03-13T20:41:08.000Z","https://docs.google.com/spreadsheets/d/17MdwrHugbGm1qmMUPwcYiPZGTT0MAYfd/edit?usp=drivesdk&ouid=111937121581374211483&rtpof=true&sd=true","xlsx"
"BIM_ROOT/1.00 INFORME DE MODELOS/ANEXO 1.00 INVENTARIO VIAL","6.00 FORMATO N 06.xlsx","16_SwPU6JRCAIV3KgaFVFeO7AMzdwAC1D","file","application/vnd.openxmlformats-officedocument.spreadsheetml.sheet","9341907","2026-03-13T20:44:34.000Z","https://docs.google.com/spreadsheets/d/16_SwPU6JRCAIV3KgaFVFeO7AMzdwAC1D/edit?usp=drivesdk&ouid=111937121581374211483&rtpof=true&sd=true","xlsx"
"BIM_ROOT/1.00 INFORME DE MODELOS/ANEXO 1.00 INVENTARIO VIAL","7.00 FORMATO N 07.xlsx","1GX0wWrdIrcfzi2D8vYhG-Nws7F434jS5","file","application/vnd.openxmlformats-officedocument.spreadsheetml.sheet","54005","2026-03-13T20:45:02.000Z","https://docs.google.com/spreadsheets/d/1GX0wWrdIrcfzi2D8vYhG-Nws7F434jS5/edit?usp=drivesdk&ouid=111937121581374211483&rtpof=true&sd=true","xlsx"
"BIM_ROOT/1.00 INFORME DE MODELOS","ANEXO 2.00 CLASIFICACION DE MATERIALES","1C-HJTg2i9JXSz6z-bjW7EXfdQIKLxIHl","folder","application/vnd.google-apps.folder",,"2026-04-15T22:23:48.535Z","https://drive.google.com/drive/folders/1C-HJTg2i9JXSz6z-bjW7EXfdQIKLxIHl",
"BIM_ROOT/1.00 INFORME DE MODELOS/ANEXO 2.00 CLASIFICACION DE MATERIALES","CLASIF. MATERIAL.pdf","1UjqPcaIAKq99xZvrbuuuh4j5xbWa8m6m","file","application/pdf","329922","2026-03-04T21:05:30.000Z","https://drive.google.com/file/d/1UjqPcaIAKq99xZvrbuuuh4j5xbWa8m6m/view?usp=drivesdk","pdf"
"BIM_ROOT/1.00 INFORME DE MODELOS/ANEXO 2.00 CLASIFICACION DE MATERIALES","CLASIF. MATERIAL.xlsx","1FKwXJ4nuym9glJu3098M9gaox1snvqZa","file","application/vnd.openxmlformats-officedocument.spreadsheetml.sheet","42565","2026-03-04T21:05:30.000Z","https://docs.google.com/spreadsheets/d/1FKwXJ4nuym9glJu3098M9gaox1snvqZa/edit?usp=drivesdk&ouid=111937121581374211483&rtpof=true&sd=true","xlsx"
"BIM_ROOT/1.00 INFORME DE MODELOS","ANEXO 3.00 SUSTENTO DE METRADOS","1TP8eHuEtKsFieIlpLLwUf7mNPyom5nIQ","folder","application/vnd.google-apps.folder",,"2026-04-15T22:24:45.543Z","https://drive.google.com/drive/folders/1TP8eHuEtKsFieIlpLLwUf7mNPyom5nIQ",
"BIM_ROOT/1.00 INFORME DE MODELOS/ANEXO 3.00 SUSTENTO DE METRADOS","AREA DE PAVIMENTO.html","19TY_g2CTOkwMVNPTs8iyFo5CJozoDu8i","file","text/html","191395","2025-02-13T17:29:37.000Z","https://drive.google.com/file/d/19TY_g2CTOkwMVNPTs8iyFo5CJozoDu8i/view?usp=drivesdk","html"
"BIM_ROOT/1.00 INFORME DE MODELOS/ANEXO 3.00 SUSTENTO DE METRADOS","BASE.html","1WQEh-0a3r2OcitfsODm7JUWptP1IrHTD","file","text/html","188759","2025-02-13T19:56:22.000Z","https://drive.google.com/file/d/1WQEh-0a3r2OcitfsODm7JUWptP1IrHTD/view?usp=drivesdk","html"
"BIM_ROOT/1.00 INFORME DE MODELOS/ANEXO 3.00 SUSTENTO DE METRADOS","Linea SubBase.html","1TEZUdUmfYKgOEKXcqKMdHk52xNXPUtI5","file","text/html","3009026","2025-02-13T15:11:17.000Z","https://drive.google.com/file/d/1TEZUdUmfYKgOEKXcqKMdHk52xNXPUtI5/view?usp=drivesdk","html"
"BIM_ROOT/1.00 INFORME DE MODELOS/ANEXO 3.00 SUSTENTO DE METRADOS","MOVIMIENTO DE TIERRAS.html","1FlrG6UPmBDQnvqjwFiFiB7Pcu6yAKslu","file","text/html","341862","2025-02-13T17:14:34.000Z","https://drive.google.com/file/d/1FlrG6UPmBDQnvqjwFiFiB7Pcu6yAKslu/view?usp=drivesdk","html"
"BIM_ROOT/1.00 INFORME DE MODELOS/ANEXO 3.00 SUSTENTO DE METRADOS","RESUMEN DE METRADOS.xls","15NuRHWPLugWXDRkjnQugdMWHmPtrS2_N","file","application/vnd.ms-excel","109056","2026-03-28T16:48:24.000Z","https://docs.google.com/spreadsheets/d/15NuRHWPLugWXDRkjnQugdMWHmPtrS2_N/edit?usp=drivesdk&ouid=111937121581374211483&rtpof=true&sd=true","xls"
"BIM_ROOT/1.00 INFORME DE MODELOS/ANEXO 3.00 SUSTENTO DE METRADOS","SUBBASE.html","1bnBHewDmtVBHaGsvLuvQUrnGA7QWbhsK","file","text/html","190365","2025-02-13T20:12:30.000Z","https://drive.google.com/file/d/1bnBHewDmtVBHaGsvLuvQUrnGA7QWbhsK/view?usp=drivesdk","html"
"BIM_ROOT","2.00 INFORME DE INTERFERENCIAS","1tmqCd58OhHZYyDYhllSSw-l-jdR57U8i","folder","application/vnd.google-apps.folder",,"2026-04-16T17:27:49.167Z","https://drive.google.com/drive/folders/1tmqCd58OhHZYyDYhllSSw-l-jdR57U8i",
"BIM_ROOT","3.00 INFORME DE COMPATIBIILIDAD","1nJ3mdH7_F9u3_WgghGyvFp17e-cPa5AX","folder","application/vnd.google-apps.folder",,"2026-04-16T17:27:36.700Z","https://drive.google.com/drive/folders/1nJ3mdH7_F9u3_WgghGyvFp17e-cPa5AX",
"BIM_ROOT/3.00 INFORME DE COMPATIBIILIDAD","1.00 CANTERA ESMERALDA","19I0np_2y0gjiT8NIdlXYW27k__nzalCG","folder","application/vnd.google-apps.folder",,"2026-04-16T13:22:29.467Z","https://drive.google.com/drive/folders/19I0np_2y0gjiT8NIdlXYW27k__nzalCG",
"BIM_ROOT/3.00 INFORME DE COMPATIBIILIDAD","2.00 PATIO DE MAQUINA","1WsOQRslD5JaVIylwPdm3ql6uLJRfEEOJ","folder","application/vnd.google-apps.folder",,"2026-04-16T13:22:29.477Z","https://drive.google.com/drive/folders/1WsOQRslD5JaVIylwPdm3ql6uLJRfEEOJ",
"BIM_ROOT/3.00 INFORME DE COMPATIBIILIDAD/2.00 PATIO DE MAQUINA","CADPATIO DE MAQUINA-Model.dwg","1ivYVdDWkkzIoftCfbNX2bJrm91gSUZPy","file","image/vnd.dwg","23181569","2026-03-05T14:30:27.000Z","https://drive.google.com/file/d/1ivYVdDWkkzIoftCfbNX2bJrm91gSUZPy/view?usp=drivesdk","dwg"
"BIM_ROOT/3.00 INFORME DE COMPATIBIILIDAD","3.00 PLANTA DE CONCRETO","1PwdhtOblXdP1kZGn_XmqPW3zdjUNxMoT","folder","application/vnd.google-apps.folder",,"2026-04-16T13:22:29.477Z","https://drive.google.com/drive/folders/1PwdhtOblXdP1kZGn_XmqPW3zdjUNxMoT",
"BIM_ROOT/3.00 INFORME DE COMPATIBIILIDAD","4.00 PLANTA DE ASFALTO","1GSmAgesoFhM9mn9DPPDwqnILHCaCgRUD","folder","application/vnd.google-apps.folder",,"2026-04-16T13:22:29.473Z","https://drive.google.com/drive/folders/1GSmAgesoFhM9mn9DPPDwqnILHCaCgRUD",
"BIM_ROOT/3.00 INFORME DE COMPATIBIILIDAD","5.00 DME","1hcaAuTQ6hsH5FGfH3ywEWTJX6HAGjrul","folder","application/vnd.google-apps.folder",,"2026-04-16T13:22:29.470Z","https://drive.google.com/drive/folders/1hcaAuTQ6hsH5FGfH3ywEWTJX6HAGjrul",
"BIM_ROOT/3.00 INFORME DE COMPATIBIILIDAD","INFORME DE COMPATIBILIDAD.docx","1BjsVsioQj6VOZUnDREO1fb6eEF79rfVB","file","application/vnd.openxmlformats-officedocument.wordprocessingml.document","2845201","2026-04-16T13:22:02.000Z","https://docs.google.com/document/d/1BjsVsioQj6VOZUnDREO1fb6eEF79rfVB/edit?usp=drivesdk&ouid=111937121581374211483&rtpof=true&sd=true","docx"
"BIM_ROOT","4.00 VIDEO","1eVjfauTn16knWH2K5UMpQic9UKdNoRaz","folder","application/vnd.google-apps.folder",,"2026-04-16T15:46:56.677Z","https://drive.google.com/drive/folders/1eVjfauTn16knWH2K5UMpQic9UKdNoRaz",
"BIM_ROOT/4.00 VIDEO","VIDEO .docx","1NdELHWz5n0mWC0pl8nA_iidbKT0Hba8T","file","application/vnd.openxmlformats-officedocument.wordprocessingml.document","15815350","2026-04-16T21:39:39.000Z","https://docs.google.com/document/d/1NdELHWz5n0mWC0pl8nA_iidbKT0Hba8T/edit?usp=drivesdk&ouid=111937121581374211483&rtpof=true&sd=true","docx"
"BIM_ROOT/4.00 VIDEO","VIDEO MODELAMIENTO.avi","1_aG5mPJiKtGMb5f2QKs7DVpGFeysVfLh","file","video/avi","36000346624","2026-04-16T14:54:48.000Z","https://drive.google.com/file/d/1_aG5mPJiKtGMb5f2QKs7DVpGFeysVfLh/view?usp=drivesdk","avi"
"BIM_ROOT","5.00 MODELO BIM","1kCsy1yhId_-jC3sStu8fvzuKEROm9znh","folder","application/vnd.google-apps.folder",,"2026-04-16T17:27:57.059Z","https://drive.google.com/drive/folders/1kCsy1yhId_-jC3sStu8fvzuKEROm9znh",
"BIM_ROOT/5.00 MODELO BIM","2.00 ALCANTARILLAS","1Pgd9qtxs04Pwc35bVBQS2L-9JUts2eT8","folder","application/vnd.google-apps.folder",,"2026-05-06T13:22:55.974Z","https://drive.google.com/drive/folders/1Pgd9qtxs04Pwc35bVBQS2L-9JUts2eT8",
"BIM_ROOT/5.00 MODELO BIM/2.00 ALCANTARILLAS","1+022","1aKEG4kMKtHzVNs4wiCO9MADh7MGlQjfC","folder","application/vnd.google-apps.folder",,"2026-05-06T13:24:25.461Z","https://drive.google.com/drive/folders/1aKEG4kMKtHzVNs4wiCO9MADh7MGlQjfC",
"BIM_ROOT/5.00 MODELO BIM/2.00 ALCANTARILLAS/1+022","1+022.rfa","1v9pElERbPSGaRMSBn4LRri9F5EhjFcgT","file","application/octet-stream","565248","2025-04-05T12:50:38.000Z","https://drive.google.com/file/d/1v9pElERbPSGaRMSBn4LRri9F5EhjFcgT/view?usp=drivesdk","rfa"
"BIM_ROOT/5.00 MODELO BIM/2.00 ALCANTARILLAS/1+022","CAD 1+022.dwg","1_wZmVj7lWwnQhMzHaSkhzjFcfhr3fJkP","file","image/vnd.dwg","1042373","2025-04-03T13:26:52.000Z","https://drive.google.com/file/d/1_wZmVj7lWwnQhMzHaSkhzjFcfhr3fJkP/view?usp=drivesdk","dwg"
"BIM_ROOT/5.00 MODELO BIM/2.00 ALCANTARILLAS","4+052","1PDpT4z67HIYdrpTLPm4NV14y6uHhWNVB","folder","application/vnd.google-apps.folder",,"2026-05-06T13:24:25.521Z","https://drive.google.com/drive/folders/1PDpT4z67HIYdrpTLPm4NV14y6uHhWNVB",
"BIM_ROOT/5.00 MODELO BIM/2.00 ALCANTARILLAS/4+052","4+052.rfa","1VybSE9__OW7SOvgYx_Mm5vJkpTIA9P2K","file","application/octet-stream","503808","2025-04-05T12:48:18.000Z","https://drive.google.com/file/d/1VybSE9__OW7SOvgYx_Mm5vJkpTIA9P2K/view?usp=drivesdk","rfa"
"BIM_ROOT/5.00 MODELO BIM/2.00 ALCANTARILLAS/4+052","CAD 4+052.dwg","1zxfv84NSHOjVDteiygNo1QzuAgaaq4Ln","file","image/vnd.dwg","1066625","2025-04-05T12:59:34.000Z","https://drive.google.com/file/d/1zxfv84NSHOjVDteiygNo1QzuAgaaq4Ln/view?usp=drivesdk","dwg"
"BIM_ROOT/5.00 MODELO BIM/2.00 ALCANTARILLAS","4+275","11Y28n8MXHvRJBrfnBI6f1S6HJEgqLdlE","folder","application/vnd.google-apps.folder",,"2026-05-06T13:24:25.433Z","https://drive.google.com/drive/folders/11Y28n8MXHvRJBrfnBI6f1S6HJEgqLdlE",
"BIM_ROOT/5.00 MODELO BIM/2.00 ALCANTARILLAS/4+275","4+275.rfa","13u15u7Qdt7kAmIRml2BnTDqZNaQpiAMS","file","application/octet-stream","503808","2025-04-05T12:54:42.000Z","https://drive.google.com/file/d/13u15u7Qdt7kAmIRml2BnTDqZNaQpiAMS/view?usp=drivesdk","rfa"
"BIM_ROOT/5.00 MODELO BIM/2.00 ALCANTARILLAS/4+275","CAD 4+275.dwg","1G4hRlDG4f0-21EY9oJXcYxZA7WMV4Lug","file","image/vnd.dwg","970990","2025-04-03T12:46:26.000Z","https://drive.google.com/file/d/1G4hRlDG4f0-21EY9oJXcYxZA7WMV4Lug/view?usp=drivesdk","dwg"
"BIM_ROOT/5.00 MODELO BIM/2.00 ALCANTARILLAS","4+379","12ZXXmlkNwXG1TzcAfk_tCLVIMXsouyMK","folder","application/vnd.google-apps.folder",,"2026-05-06T13:24:25.450Z","https://drive.google.com/drive/folders/12ZXXmlkNwXG1TzcAfk_tCLVIMXsouyMK",
"BIM_ROOT/5.00 MODELO BIM/2.00 ALCANTARILLAS/4+379","4+379.rfa","1_vK5QoTboQfwIKMq3kW37pisnvMcsRec","file","application/octet-stream","503808","2025-04-05T12:55:28.000Z","https://drive.google.com/file/d/1_vK5QoTboQfwIKMq3kW37pisnvMcsRec/view?usp=drivesdk","rfa"
"BIM_ROOT/5.00 MODELO BIM/2.00 ALCANTARILLAS/4+379","CAD 4+379.dwg","1Yy567bgFpUBe3EP7U7chQ3bzW6cV1f2K","file","image/vnd.dwg","4769799","2025-04-03T12:43:58.000Z","https://drive.google.com/file/d/1Yy567bgFpUBe3EP7U7chQ3bzW6cV1f2K/view?usp=drivesdk","dwg"
"BIM_ROOT/5.00 MODELO BIM/2.00 ALCANTARILLAS","4+494","1ZiyE7O4IpxFBU0fHFEnGLWJFMoPt0iZS","folder","application/vnd.google-apps.folder",,"2026-05-06T13:24:25.449Z","https://drive.google.com/drive/folders/1ZiyE7O4IpxFBU0fHFEnGLWJFMoPt0iZS",
"BIM_ROOT/5.00 MODELO BIM/2.00 ALCANTARILLAS/4+494","4+494.rfa","1uSRrfEKVl6YVcEuGBLDLrUK6kXSlckM3","file","application/octet-stream","503808","2025-04-05T12:56:08.000Z","https://drive.google.com/file/d/1uSRrfEKVl6YVcEuGBLDLrUK6kXSlckM3/view?usp=drivesdk","rfa"
"BIM_ROOT/5.00 MODELO BIM/2.00 ALCANTARILLAS/4+494","CAD 4+494.bak","1GSQsqcccg-Ftc4jcsTziS2yTf2bHLr9M","file","application/octet-stream","1002506","2025-04-03T13:02:16.000Z","https://drive.google.com/file/d/1GSQsqcccg-Ftc4jcsTziS2yTf2bHLr9M/view?usp=drivesdk","bak"
"BIM_ROOT/5.00 MODELO BIM/2.00 ALCANTARILLAS/4+494","CAD 4+494.dwg","1HCshOl4js1pDfAm7HMS4KP4Bct4fyHfq","file","image/vnd.dwg","1035280","2025-04-03T13:02:20.000Z","https://drive.google.com/file/d/1HCshOl4js1pDfAm7HMS4KP4Bct4fyHfq/view?usp=drivesdk","dwg"
"BIM_ROOT/5.00 MODELO BIM/2.00 ALCANTARILLAS","4+903","1Qjedm2_Icu5COy7rznaFucLzYDyJ1EO0","folder","application/vnd.google-apps.folder",,"2026-05-06T13:24:25.439Z","https://drive.google.com/drive/folders/1Qjedm2_Icu5COy7rznaFucLzYDyJ1EO0",
"BIM_ROOT/5.00 MODELO BIM/2.00 ALCANTARILLAS/4+903","4+903.rfa","189dBKcjj_hUHPqLJeNkYuRhjojhVlfW5","file","application/octet-stream","516096","2025-04-05T12:57:06.000Z","https://drive.google.com/file/d/189dBKcjj_hUHPqLJeNkYuRhjojhVlfW5/view?usp=drivesdk","rfa"
"BIM_ROOT/5.00 MODELO BIM/2.00 ALCANTARILLAS/4+903","CAD 4+903.dwg","160kdyUCXpGxpi6gOEcRQLBPhEM1s8ZIp","file","image/vnd.dwg","976390","2025-04-03T13:37:16.000Z","https://drive.google.com/file/d/160kdyUCXpGxpi6gOEcRQLBPhEM1s8ZIp/view?usp=drivesdk","dwg"
"BIM_ROOT/5.00 MODELO BIM/2.00 ALCANTARILLAS","4+996","1AJWeYBNgXUfLeH5RuU_ZWFEpeBbzYC7g","folder","application/vnd.google-apps.folder",,"2026-05-06T13:24:25.441Z","https://drive.google.com/drive/folders/1AJWeYBNgXUfLeH5RuU_ZWFEpeBbzYC7g",
"BIM_ROOT/5.00 MODELO BIM/2.00 ALCANTARILLAS/4+996","4+996.rfa","1LoLfnVz7ImqIL8H9vMIcQs754IzD_o1P","file","application/octet-stream","516096","2025-04-05T12:57:46.000Z","https://drive.google.com/file/d/1LoLfnVz7ImqIL8H9vMIcQs754IzD_o1P/view?usp=drivesdk","rfa"
"BIM_ROOT/5.00 MODELO BIM/2.00 ALCANTARILLAS/4+996","CAD 4+996.dwg","1jLqDlSB0QBDcn8RelukMgQD4TwVY0mmP","file","image/vnd.dwg","1013599","2025-04-03T13:46:26.000Z","https://drive.google.com/file/d/1jLqDlSB0QBDcn8RelukMgQD4TwVY0mmP/view?usp=drivesdk","dwg"
"BIM_ROOT/5.00 MODELO BIM","3.00 SEÑALIZACIONES","1Gt1XTvzp17PKcfOz_Rntsmc58-4CguBv","folder","application/vnd.google-apps.folder",,"2026-04-16T22:04:35.312Z","https://drive.google.com/drive/folders/1Gt1XTvzp17PKcfOz_Rntsmc58-4CguBv",
"BIM_ROOT/5.00 MODELO BIM/3.00 SEÑALIZACIONES","10. POSTES DELINEADORES","1qn0rAhEeH4Hi7YiiqFkOlEXIateuZh7x","folder","application/vnd.google-apps.folder",,"2026-04-16T22:04:35.959Z","https://drive.google.com/drive/folders/1qn0rAhEeH4Hi7YiiqFkOlEXIateuZh7x",
"BIM_ROOT/5.00 MODELO BIM/3.00 SEÑALIZACIONES/10. POSTES DELINEADORES","POSTES DELINEADORES.rfa","1VvL-XIbZ5ho3iuQm2eNIBXgTUIamm4xT","file","application/octet-stream","856064","2026-04-16T22:04:06.000Z","https://drive.google.com/file/d/1VvL-XIbZ5ho3iuQm2eNIBXgTUIamm4xT/view?usp=drivesdk","rfa"
"BIM_ROOT/5.00 MODELO BIM/3.00 SEÑALIZACIONES/10. POSTES DELINEADORES","POSTESDELINEADORES-Vista3D-Vista1.fbx","1eWAFUF4qKZeDv_pxBZziSGeWXQlAfBdc","file","application/octet-stream","262176","2026-04-16T22:04:06.000Z","https://drive.google.com/file/d/1eWAFUF4qKZeDv_pxBZziSGeWXQlAfBdc/view?usp=drivesdk","fbx"
"BIM_ROOT/5.00 MODELO BIM/3.00 SEÑALIZACIONES","2. PREVENTIVAS","1CEDRPV0qwpov76T33wimE-f1LpYG5bG1","folder","application/vnd.google-apps.folder",,"2026-04-16T22:04:35.960Z","https://drive.google.com/drive/folders/1CEDRPV0qwpov76T33wimE-f1LpYG5bG1",
"BIM_ROOT/5.00 MODELO BIM/3.00 SEÑALIZACIONES/2. PREVENTIVAS","I-31","1Ge2-U0W_WIHOp8rULPPhkHAuZpWcM_Jw","folder","application/vnd.google-apps.folder",,"2026-04-16T22:04:36.570Z","https://drive.google.com/drive/folders/1Ge2-U0W_WIHOp8rULPPhkHAuZpWcM_Jw",
"BIM_ROOT/5.00 MODELO BIM/3.00 SEÑALIZACIONES/2. PREVENTIVAS","P-10B","1jnOgNjmm63it0mLRbXpO_BsjVDeaFWym","folder","application/vnd.google-apps.folder",,"2026-04-16T22:04:36.573Z","https://drive.google.com/drive/folders/1jnOgNjmm63it0mLRbXpO_BsjVDeaFWym",
"BIM_ROOT/5.00 MODELO BIM/3.00 SEÑALIZACIONES/2. PREVENTIVAS","P-16A","13Z3JUI9rOnv2w50m_tI5gJgUzLiUDS5Z","folder","application/vnd.google-apps.folder",,"2026-04-16T22:04:36.575Z","https://drive.google.com/drive/folders/13Z3JUI9rOnv2w50m_tI5gJgUzLiUDS5Z",
"BIM_ROOT/5.00 MODELO BIM/3.00 SEÑALIZACIONES/2. PREVENTIVAS","P-17A","1LQK8Wt6ACOyt2dW8FM0rhsCvYGHjSfi0","folder","application/vnd.google-apps.folder",,"2026-04-16T22:04:36.574Z","https://drive.google.com/drive/folders/1LQK8Wt6ACOyt2dW8FM0rhsCvYGHjSfi0",
"BIM_ROOT/5.00 MODELO BIM/3.00 SEÑALIZACIONES/2. PREVENTIVAS","P-1A","1PwVFE2ZM3WcoBntu3qiGSSTadhcSQyVO","folder","application/vnd.google-apps.folder",,"2026-04-16T22:04:36.579Z","https://drive.google.com/drive/folders/1PwVFE2ZM3WcoBntu3qiGSSTadhcSQyVO",
"BIM_ROOT/5.00 MODELO BIM/3.00 SEÑALIZACIONES/2. PREVENTIVAS","P-1B","1ljCWRwkCl63QYBWjxJ1V0TdU1XmIE3oE","folder","application/vnd.google-apps.folder",,"2026-04-16T22:04:36.578Z","https://drive.google.com/drive/folders/1ljCWRwkCl63QYBWjxJ1V0TdU1XmIE3oE",
"BIM_ROOT/5.00 MODELO BIM/3.00 SEÑALIZACIONES/2. PREVENTIVAS","P-2A","1IhvQzYHDfvdaQW03IOW-zbLKw1xqCvC7","folder","application/vnd.google-apps.folder",,"2026-04-16T22:04:36.994Z","https://drive.google.com/drive/folders/1IhvQzYHDfvdaQW03IOW-zbLKw1xqCvC7",
"BIM_ROOT/5.00 MODELO BIM/3.00 SEÑALIZACIONES/2. PREVENTIVAS","P-2B","1z3JdptxekXbEISDlZ3q-C9jhvklkK4ms","folder","application/vnd.google-apps.folder",,"2026-04-16T22:04:37.000Z","https://drive.google.com/drive/folders/1z3JdptxekXbEISDlZ3q-C9jhvklkK4ms",
"BIM_ROOT/5.00 MODELO BIM/3.00 SEÑALIZACIONES/2. PREVENTIVAS","P-31","1Ym4QoiZQgpYXI4Qqo75bAIK7f0zq0xkV","folder","application/vnd.google-apps.folder",,"2026-04-16T22:04:36.998Z","https://drive.google.com/drive/folders/1Ym4QoiZQgpYXI4Qqo75bAIK7f0zq0xkV",
"BIM_ROOT/5.00 MODELO BIM/3.00 SEÑALIZACIONES/2. PREVENTIVAS","P-33A","1rGt9uTcEyvG2zGncN2ETWC7gdtMt4bcL","folder","application/vnd.google-apps.folder",,"2026-04-16T22:04:36.992Z","https://drive.google.com/drive/folders/1rGt9uTcEyvG2zGncN2ETWC7gdtMt4bcL",
"BIM_ROOT/5.00 MODELO BIM/3.00 SEÑALIZACIONES/2. PREVENTIVAS","P-34","1zxLfE_RT4tc4M3sBujodoOGz4Dx4FX2F","folder","application/vnd.google-apps.folder",,"2026-04-16T22:04:36.995Z","https://drive.google.com/drive/folders/1zxLfE_RT4tc4M3sBujodoOGz4Dx4FX2F",
"BIM_ROOT/5.00 MODELO BIM/3.00 SEÑALIZACIONES/2. PREVENTIVAS","P-3B","1Bcyjp54g5cpCeDI7GMFFqWZSxSj0Nuay","folder","application/vnd.google-apps.folder",,"2026-04-16T22:04:36.994Z","https://drive.google.com/drive/folders/1Bcyjp54g5cpCeDI7GMFFqWZSxSj0Nuay",
"BIM_ROOT/5.00 MODELO BIM/3.00 SEÑALIZACIONES/2. PREVENTIVAS","P-49","17TG1iGp9DASIF-LDWm_jvdYRaFoSB8Ib","folder","application/vnd.google-apps.folder",,"2026-04-16T22:04:36.992Z","https://drive.google.com/drive/folders/17TG1iGp9DASIF-LDWm_jvdYRaFoSB8Ib",
"BIM_ROOT/5.00 MODELO BIM/3.00 SEÑALIZACIONES/2. PREVENTIVAS","P-4A","1co9bS0bW0uzAq7NsalEUE_SuvWU0Trr8","folder","application/vnd.google-apps.folder",,"2026-04-16T22:04:36.995Z","https://drive.google.com/drive/folders/1co9bS0bW0uzAq7NsalEUE_SuvWU0Trr8",
"BIM_ROOT/5.00 MODELO BIM/3.00 SEÑALIZACIONES/2. PREVENTIVAS","P-4B","1HEnI_CwUvC0VWNgRtAGZ9QZ0C6A0HmY5","folder","application/vnd.google-apps.folder",,"2026-04-16T22:04:37.014Z","https://drive.google.com/drive/folders/1HEnI_CwUvC0VWNgRtAGZ9QZ0C6A0HmY5",
"BIM_ROOT/5.00 MODELO BIM/3.00 SEÑALIZACIONES/2. PREVENTIVAS","P-5-1","1UCSqa_i4lFJV6CpxfDka5qn1dqBbIfzf","folder","application/vnd.google-apps.folder",,"2026-04-16T22:04:37.593Z","https://drive.google.com/drive/folders/1UCSqa_i4lFJV6CpxfDka5qn1dqBbIfzf",
"BIM_ROOT/5.00 MODELO BIM/3.00 SEÑALIZACIONES/2. PREVENTIVAS","P-5-1A","1WqXwQH8ZtWAzfBkyu6fY-yxfeqZH4O3h","folder","application/vnd.google-apps.folder",,"2026-04-16T22:04:37.595Z","https://drive.google.com/drive/folders/1WqXwQH8ZtWAzfBkyu6fY-yxfeqZH4O3h",
"BIM_ROOT/5.00 MODELO BIM/3.00 SEÑALIZACIONES/2. PREVENTIVAS","P-5-2A","1DXChDFa6LK8Mb_SBtVuObz0hKT-RYmrz","folder","application/vnd.google-apps.folder",,"2026-04-16T22:04:37.593Z","https://drive.google.com/drive/folders/1DXChDFa6LK8Mb_SBtVuObz0hKT-RYmrz",
"BIM_ROOT/5.00 MODELO BIM/3.00 SEÑALIZACIONES/2. PREVENTIVAS","P-5-2B","1eLj5eR9Z8umCvYirPomfsFj4nAocuzfp","folder","application/vnd.google-apps.folder",,"2026-04-16T22:04:37.596Z","https://drive.google.com/drive/folders/1eLj5eR9Z8umCvYirPomfsFj4nAocuzfp",
"BIM_ROOT/5.00 MODELO BIM/3.00 SEÑALIZACIONES/2. PREVENTIVAS","P-51","1l_kxU4AC2RAxLMKBCkNmbC1YR-oCQR4D","folder","application/vnd.google-apps.folder",,"2026-04-16T22:04:37.597Z","https://drive.google.com/drive/folders/1l_kxU4AC2RAxLMKBCkNmbC1YR-oCQR4D",
"BIM_ROOT/5.00 MODELO BIM/3.00 SEÑALIZACIONES/2. PREVENTIVAS","P-53","15rrf3sDJixOkz1643tydQ11PlEefYVuT","folder","application/vnd.google-apps.folder",,"2026-04-16T22:04:37.601Z","https://drive.google.com/drive/folders/15rrf3sDJixOkz1643tydQ11PlEefYVuT",
"BIM_ROOT/5.00 MODELO BIM/3.00 SEÑALIZACIONES/2. PREVENTIVAS","P-56","1e_BNWorvMfwVv6emmBVzvMTomUuuLrgD","folder","application/vnd.google-apps.folder",,"2026-04-16T22:04:37.604Z","https://drive.google.com/drive/folders/1e_BNWorvMfwVv6emmBVzvMTomUuuLrgD",
"BIM_ROOT/5.00 MODELO BIM/3.00 SEÑALIZACIONES/2. PREVENTIVAS","P-7","1rTz8EY2XiOyzkVUcsxQMvezy9qbr8sW0","folder","application/vnd.google-apps.folder",,"2026-04-16T22:04:37.998Z","https://drive.google.com/drive/folders/1rTz8EY2XiOyzkVUcsxQMvezy9qbr8sW0",
"BIM_ROOT/5.00 MODELO BIM/3.00 SEÑALIZACIONES/2. PREVENTIVAS","P-9A","1mRymFN45inLOh_umSGHfRSz7HbhxXv-H","folder","application/vnd.google-apps.folder",,"2026-04-16T22:04:37.997Z","https://drive.google.com/drive/folders/1mRymFN45inLOh_umSGHfRSz7HbhxXv-H",
"BIM_ROOT/5.00 MODELO BIM/3.00 SEÑALIZACIONES/2. PREVENTIVAS","P-9B","1RHvdv6CU0jWN0aa2UAKy59zVRerIZBiH","folder","application/vnd.google-apps.folder",,"2026-04-16T22:04:38.000Z","https://drive.google.com/drive/folders/1RHvdv6CU0jWN0aa2UAKy59zVRerIZBiH",
"BIM_ROOT/5.00 MODELO BIM/3.00 SEÑALIZACIONES","3. REGLAMENTARIAS","1jfNCJ7_BVeRUjwhxVSW12R-foUVagkyv","folder","application/vnd.google-apps.folder",,"2026-04-16T22:04:35.961Z","https://drive.google.com/drive/folders/1jfNCJ7_BVeRUjwhxVSW12R-foUVagkyv",
"BIM_ROOT/5.00 MODELO BIM/3.00 SEÑALIZACIONES/3. REGLAMENTARIAS","R-30","1WEgdhLAUTxM_dR9MAdmY9hcExHoKixG-","folder","application/vnd.google-apps.folder",,"2026-04-16T22:04:36.574Z","https://drive.google.com/drive/folders/1WEgdhLAUTxM_dR9MAdmY9hcExHoKixG-",
"BIM_ROOT/5.00 MODELO BIM/3.00 SEÑALIZACIONES","4. POSTES KILOMETRICOS","1vAvEFsxJPpmTo-LJKfAikPzZwXOtFhj4","folder","application/vnd.google-apps.folder",,"2026-04-16T22:04:35.962Z","https://drive.google.com/drive/folders/1vAvEFsxJPpmTo-LJKfAikPzZwXOtFhj4",
"BIM_ROOT/5.00 MODELO BIM/3.00 SEÑALIZACIONES/4. POSTES KILOMETRICOS","HITO KILOMETRICO-AP569-0.rfa","1bi62Ffus60ryC3MVaH4L3GcNX7iC9QRK","file","application/octet-stream","1261568","2026-04-16T22:04:06.000Z","https://drive.google.com/file/d/1bi62Ffus60ryC3MVaH4L3GcNX7iC9QRK/view?usp=drivesdk","rfa"
"BIM_ROOT/5.00 MODELO BIM/3.00 SEÑALIZACIONES/4. POSTES KILOMETRICOS","HITO KILOMETRICO-AP569-01.rfa","1hoAzEUtGJDZNPgpBc_zePPS_Y8rx2x--","file","application/octet-stream","1228800","2026-04-16T22:04:06.000Z","https://drive.google.com/file/d/1hoAzEUtGJDZNPgpBc_zePPS_Y8rx2x--/view?usp=drivesdk","rfa"
"BIM_ROOT/5.00 MODELO BIM/3.00 SEÑALIZACIONES/4. POSTES KILOMETRICOS","HITO KILOMETRICO-AP569-02.rfa","1ui8RienjID6SQilFsU78HbzUSAEbFAlA","file","application/octet-stream","1265664","2026-04-16T22:04:06.000Z","https://drive.google.com/file/d/1ui8RienjID6SQilFsU78HbzUSAEbFAlA/view?usp=drivesdk","rfa"
"BIM_ROOT/5.00 MODELO BIM/3.00 SEÑALIZACIONES/4. POSTES KILOMETRICOS","HITO KILOMETRICO-AP569-03.rfa","14BKjwN6dSvn1MDko_ak2ZALUoB3PoAzV","file","application/octet-stream","1298432","2026-04-16T22:04:06.000Z","https://drive.google.com/file/d/14BKjwN6dSvn1MDko_ak2ZALUoB3PoAzV/view?usp=drivesdk","rfa"
"BIM_ROOT/5.00 MODELO BIM/3.00 SEÑALIZACIONES/4. POSTES KILOMETRICOS","HITO KILOMETRICO-AP569-04.rfa","1S7oHS7pMQqgfcz4kpDIdDj8AIMttTSA_","file","application/octet-stream","1236992","2026-04-16T22:04:06.000Z","https://drive.google.com/file/d/1S7oHS7pMQqgfcz4kpDIdDj8AIMttTSA_/view?usp=drivesdk","rfa"
"BIM_ROOT/5.00 MODELO BIM/3.00 SEÑALIZACIONES/4. POSTES KILOMETRICOS","HITO KILOMETRICO-AP569-05.rfa","1fpxMQ1Fpl4v8wz2pQWFYaOEfAZ0wSnu4","file","application/octet-stream","1269760","2026-04-16T22:04:06.000Z","https://drive.google.com/file/d/1fpxMQ1Fpl4v8wz2pQWFYaOEfAZ0wSnu4/view?usp=drivesdk","rfa"
"BIM_ROOT/5.00 MODELO BIM/3.00 SEÑALIZACIONES/4. POSTES KILOMETRICOS","HITO KILOMETRICO-AP569-06.rfa","1UNw9vYB7owQmyNKhPt8l1YDC5KtL_jFs","file","application/octet-stream","1290240","2026-04-16T22:04:06.000Z","https://drive.google.com/file/d/1UNw9vYB7owQmyNKhPt8l1YDC5KtL_jFs/view?usp=drivesdk","rfa"
"BIM_ROOT/5.00 MODELO BIM/3.00 SEÑALIZACIONES/4. POSTES KILOMETRICOS","HITO KILOMETRICO-AP569-07.rfa","1-R5ebgUCWJuMB2XyvINY39L4nC6SSEuC","file","application/octet-stream","1228800","2026-04-16T22:04:06.000Z","https://drive.google.com/file/d/1-R5ebgUCWJuMB2XyvINY39L4nC6SSEuC/view?usp=drivesdk","rfa"
"BIM_ROOT/5.00 MODELO BIM/3.00 SEÑALIZACIONES/4. POSTES KILOMETRICOS","HITO KILOMETRICO-AP569-08.rfa","1y6icLkhNPzNj69EMurbKQsgOqKTvOJgm","file","application/octet-stream","1306624","2026-04-16T22:04:06.000Z","https://drive.google.com/file/d/1y6icLkhNPzNj69EMurbKQsgOqKTvOJgm/view?usp=drivesdk","rfa"
"BIM_ROOT/5.00 MODELO BIM/3.00 SEÑALIZACIONES/4. POSTES KILOMETRICOS","HITO KILOMETRICO-AP569-09.rfa","1LEZhlGtvPUkWgvQLs8K45ddZnwzXsbIq","file","application/octet-stream","1323008","2026-04-16T22:04:06.000Z","https://drive.google.com/file/d/1LEZhlGtvPUkWgvQLs8K45ddZnwzXsbIq/view?usp=drivesdk","rfa"
"BIM_ROOT/5.00 MODELO BIM/3.00 SEÑALIZACIONES/4. POSTES KILOMETRICOS","HITO KILOMETRICO-AP569-10.rfa","1fHbFQyVXHwkeknV5lLCH93VKq4l44vwE","file","application/octet-stream","1228800","2026-04-16T22:04:06.000Z","https://drive.google.com/file/d/1fHbFQyVXHwkeknV5lLCH93VKq4l44vwE/view?usp=drivesdk","rfa"
"BIM_ROOT/5.00 MODELO BIM/3.00 SEÑALIZACIONES/4. POSTES KILOMETRICOS","HITO KILOMETRICO-AP569-11.rfa","1z3EQ9HdK1IYVawllAFprNypmX__Cj5BO","file","application/octet-stream","1191936","2026-04-16T22:04:06.000Z","https://drive.google.com/file/d/1z3EQ9HdK1IYVawllAFprNypmX__Cj5BO/view?usp=drivesdk","rfa"
"BIM_ROOT/5.00 MODELO BIM/3.00 SEÑALIZACIONES/4. POSTES KILOMETRICOS","HITO KILOMETRICO-AP569-12.rfa","1S8XadMjEHBKZwT0AOyvbNEND58K0ODcr","file","application/octet-stream","1232896","2026-04-16T22:04:06.000Z","https://drive.google.com/file/d/1S8XadMjEHBKZwT0AOyvbNEND58K0ODcr/view?usp=drivesdk","rfa"
"BIM_ROOT/5.00 MODELO BIM/3.00 SEÑALIZACIONES/4. POSTES KILOMETRICOS","HITO KILOMETRICO-AP569-13.rfa","1FmLwCYPolqTqYANP1Vj61OGgDU0Qug5H","file","application/octet-stream","1261568","2026-04-16T22:04:06.000Z","https://drive.google.com/file/d/1FmLwCYPolqTqYANP1Vj61OGgDU0Qug5H/view?usp=drivesdk","rfa"
"BIM_ROOT/5.00 MODELO BIM/3.00 SEÑALIZACIONES/4. POSTES KILOMETRICOS","HITO KILOMETRICO-AP569-14.rfa","1M-J9bjF1Gw29rIiTL2DPkEzGtMJ8T3B8","file","application/octet-stream","1200128","2026-04-16T22:04:06.000Z","https://drive.google.com/file/d/1M-J9bjF1Gw29rIiTL2DPkEzGtMJ8T3B8/view?usp=drivesdk","rfa"
"BIM_ROOT/5.00 MODELO BIM/3.00 SEÑALIZACIONES/4. POSTES KILOMETRICOS","HITO KILOMETRICO-AP569-15.rfa","1qva2Pdr6rxaiTCbCSD5oRxknTk8DPVb0","file","application/octet-stream","1232896","2026-04-16T22:04:06.000Z","https://drive.google.com/file/d/1qva2Pdr6rxaiTCbCSD5oRxknTk8DPVb0/view?usp=drivesdk","rfa"
"BIM_ROOT/5.00 MODELO BIM/3.00 SEÑALIZACIONES/4. POSTES KILOMETRICOS","HITO KILOMETRICO-AP569-16.rfa","17K_fsEvd7fb7UAQwGnWoWrkRCuZW3PRx","file","application/octet-stream","1249280","2026-04-16T22:04:06.000Z","https://drive.google.com/file/d/17K_fsEvd7fb7UAQwGnWoWrkRCuZW3PRx/view?usp=drivesdk","rfa"
"BIM_ROOT/5.00 MODELO BIM/3.00 SEÑALIZACIONES/4. POSTES KILOMETRICOS","HITO KILOMETRICO-AP569-17.rfa","1YgTICpuSWTlqOr9SUqG-dNTPytxLl_TQ","file","application/octet-stream","1187840","2026-04-16T22:04:06.000Z","https://drive.google.com/file/d/1YgTICpuSWTlqOr9SUqG-dNTPytxLl_TQ/view?usp=drivesdk","rfa"
"BIM_ROOT/5.00 MODELO BIM/3.00 SEÑALIZACIONES/4. POSTES KILOMETRICOS","HITOKILOMETRICO-AP569-0-Vista3D.fbx","1faWacNQ2FChchBmfRvFnJ90_fsDkXm80","file","application/octet-stream","435200","2026-04-16T22:04:06.000Z","https://drive.google.com/file/d/1faWacNQ2FChchBmfRvFnJ90_fsDkXm80/view?usp=drivesdk","fbx"
"BIM_ROOT/5.00 MODELO BIM/3.00 SEÑALIZACIONES/4. POSTES KILOMETRICOS","HITOKILOMETRICO-AP569-01-Vista3D.fbx","1E_SUbqZwS-9Pk6FgY6mUiCpcOiBOD2_L","file","application/octet-stream","424256","2026-04-16T22:04:06.000Z","https://drive.google.com/file/d/1E_SUbqZwS-9Pk6FgY6mUiCpcOiBOD2_L/view?usp=drivesdk","fbx"
"BIM_ROOT/5.00 MODELO BIM/3.00 SEÑALIZACIONES/4. POSTES KILOMETRICOS","HITOKILOMETRICO-AP569-02-Vista3D.fbx","1wHV9V-dHqrWkfOIqlOFzczYLvbXUAuFl","file","application/octet-stream","437712","2026-04-16T22:04:06.000Z","https://drive.google.com/file/d/1wHV9V-dHqrWkfOIqlOFzczYLvbXUAuFl/view?usp=drivesdk","fbx"
"BIM_ROOT/5.00 MODELO BIM/3.00 SEÑALIZACIONES/4. POSTES KILOMETRICOS","HITOKILOMETRICO-AP569-03-Vista3D.fbx","1znd_7VopeImAqNLjnS5j85PH02IXuRC1","file","application/octet-stream","445632","2026-04-16T22:04:06.000Z","https://drive.google.com/file/d/1znd_7VopeImAqNLjnS5j85PH02IXuRC1/view?usp=drivesdk","fbx"
"BIM_ROOT/5.00 MODELO BIM/3.00 SEÑALIZACIONES/4. POSTES KILOMETRICOS","HITOKILOMETRICO-AP569-04-Vista3D.fbx","1yYwhAXdkf8X4txhJcIvanLKuDlxQkeVx","file","application/octet-stream","421808","2026-04-16T22:04:06.000Z","https://drive.google.com/file/d/1yYwhAXdkf8X4txhJcIvanLKuDlxQkeVx/view?usp=drivesdk","fbx"
"BIM_ROOT/5.00 MODELO BIM/3.00 SEÑALIZACIONES/4. POSTES KILOMETRICOS","HITOKILOMETRICO-AP569-05-Vista3D.fbx","1GlUMlDzYjcj_nnRWKwTgXdoUzMDheAIp","file","application/octet-stream","437488","2026-04-16T22:04:06.000Z","https://drive.google.com/file/d/1GlUMlDzYjcj_nnRWKwTgXdoUzMDheAIp/view?usp=drivesdk","fbx"
"BIM_ROOT/5.00 MODELO BIM/3.00 SEÑALIZACIONES/4. POSTES KILOMETRICOS","HITOKILOMETRICO-AP569-06-Vista3D.fbx","1Pa4gi6WWbzGN9BaIebfZVbmiUP_Rf-d5","file","application/octet-stream","450112","2026-04-16T22:04:06.000Z","https://drive.google.com/file/d/1Pa4gi6WWbzGN9BaIebfZVbmiUP_Rf-d5/view?usp=drivesdk","fbx"
"BIM_ROOT/5.00 MODELO BIM/3.00 SEÑALIZACIONES/4. POSTES KILOMETRICOS","HITOKILOMETRICO-AP569-07-Vista3D.fbx","1K1txhZ704cRJbwLFFgASqkYdvGiat4er","file","application/octet-stream","429904","2026-04-16T22:04:06.000Z","https://drive.google.com/file/d/1K1txhZ704cRJbwLFFgASqkYdvGiat4er/view?usp=drivesdk","fbx"
"BIM_ROOT/5.00 MODELO BIM/3.00 SEÑALIZACIONES/4. POSTES KILOMETRICOS","HITOKILOMETRICO-AP569-08-Vista3D.fbx","1aC1QWzxmiMVz6LFCMMXvws0BC76cN6XJ","file","application/octet-stream","450672","2026-04-16T22:04:06.000Z","https://drive.google.com/file/d/1aC1QWzxmiMVz6LFCMMXvws0BC76cN6XJ/view?usp=drivesdk","fbx"
"BIM_ROOT/5.00 MODELO BIM/3.00 SEÑALIZACIONES/4. POSTES KILOMETRICOS","HITOKILOMETRICO-AP569-09-Vista3D.fbx","1sPH_aeG0zWifgYWcEdVqnTvVq4S8ROfr","file","application/octet-stream","450768","2026-04-16T22:04:06.000Z","https://drive.google.com/file/d/1sPH_aeG0zWifgYWcEdVqnTvVq4S8ROfr/view?usp=drivesdk","fbx"
"BIM_ROOT/5.00 MODELO BIM/3.00 SEÑALIZACIONES/4. POSTES KILOMETRICOS","HITOKILOMETRICO-AP569-10-Vista3D.fbx","1kZqs4v9R99PlIZABwa2Oo_REbBq4CYVJ","file","application/octet-stream","424272","2026-04-16T22:04:06.000Z","https://drive.google.com/file/d/1kZqs4v9R99PlIZABwa2Oo_REbBq4CYVJ/view?usp=drivesdk","fbx"
"BIM_ROOT/5.00 MODELO BIM/3.00 SEÑALIZACIONES/4. POSTES KILOMETRICOS","HITOKILOMETRICO-AP569-11-Vista3D.fbx","1G5miqYNfhJUVwWPaKQkbEE6ZG7wE3nQN","file","application/octet-stream","401808","2026-04-16T22:04:06.000Z","https://drive.google.com/file/d/1G5miqYNfhJUVwWPaKQkbEE6ZG7wE3nQN/view?usp=drivesdk","fbx"
"BIM_ROOT/5.00 MODELO BIM/3.00 SEÑALIZACIONES/4. POSTES KILOMETRICOS","HITOKILOMETRICO-AP569-12-Vista3D.fbx","1AZ7HTxFYGGaF9YDkdhH4EMo7Mwm1_G-M","file","application/octet-stream","417696","2026-04-16T22:04:06.000Z","https://drive.google.com/file/d/1AZ7HTxFYGGaF9YDkdhH4EMo7Mwm1_G-M/view?usp=drivesdk","fbx"
"BIM_ROOT/5.00 MODELO BIM/3.00 SEÑALIZACIONES/4. POSTES KILOMETRICOS","HITOKILOMETRICO-AP569-13-Vista3D.fbx","1Izh9NJusqcJAPxdYE3ulCUyGQmjr9I16","file","application/octet-stream","425840","2026-04-16T22:04:06.000Z","https://drive.google.com/file/d/1Izh9NJusqcJAPxdYE3ulCUyGQmjr9I16/view?usp=drivesdk","fbx"
"BIM_ROOT/5.00 MODELO BIM/3.00 SEÑALIZACIONES/4. POSTES KILOMETRICOS","HITOKILOMETRICO-AP569-14-Vista3D.fbx","1f_qBr4HkiS54z17Ogs0Gnuu6G336mZrp","file","application/octet-stream","401952","2026-04-16T22:04:06.000Z","https://drive.google.com/file/d/1f_qBr4HkiS54z17Ogs0Gnuu6G336mZrp/view?usp=drivesdk","fbx"
"BIM_ROOT/5.00 MODELO BIM/3.00 SEÑALIZACIONES/4. POSTES KILOMETRICOS","HITOKILOMETRICO-AP569-15-Vista3D.fbx","19PGv3beb1Vt4g8l1tGJPYMLPrS_v_pnH","file","application/octet-stream","417568","2026-04-16T22:04:06.000Z","https://drive.google.com/file/d/19PGv3beb1Vt4g8l1tGJPYMLPrS_v_pnH/view?usp=drivesdk","fbx"
"BIM_ROOT/5.00 MODELO BIM/3.00 SEÑALIZACIONES/4. POSTES KILOMETRICOS","HITOKILOMETRICO-AP569-16-Vista3D.fbx","1Wx57eFAjL0xZcNcyfZ-Elegg111mFF_n","file","application/octet-stream","430432","2026-04-16T22:04:06.000Z","https://drive.google.com/file/d/1Wx57eFAjL0xZcNcyfZ-Elegg111mFF_n/view?usp=drivesdk","fbx"
"BIM_ROOT/5.00 MODELO BIM/3.00 SEÑALIZACIONES/4. POSTES KILOMETRICOS","HITOKILOMETRICO-AP569-17-Vista3D.fbx","1m4bfgmr6-6xSRGRhpHtXb5p35clYDj15","file","application/octet-stream","409760","2026-04-16T22:04:06.000Z","https://drive.google.com/file/d/1m4bfgmr6-6xSRGRhpHtXb5p35clYDj15/view?usp=drivesdk","fbx"
"BIM_ROOT/5.00 MODELO BIM/3.00 SEÑALIZACIONES","5. MARCAS EN EL PAVIMENTO","178HxKyHfx9NhVR9FDYesUb7jhGPyNKbD","folder","application/vnd.google-apps.folder",,"2026-04-16T22:04:35.991Z","https://drive.google.com/drive/folders/178HxKyHfx9NhVR9FDYesUb7jhGPyNKbD",
"BIM_ROOT/5.00 MODELO BIM/3.00 SEÑALIZACIONES/5. MARCAS EN EL PAVIMENTO","lineacurvaplazueleta.fbx","1c51EQGcTeaRqlIROODLBXxvNwBcMkZTg","file","application/octet-stream","51440","2026-04-16T22:04:05.000Z","https://drive.google.com/file/d/1c51EQGcTeaRqlIROODLBXxvNwBcMkZTg/view?usp=drivesdk","fbx"
"BIM_ROOT/5.00 MODELO BIM/3.00 SEÑALIZACIONES/5. MARCAS EN EL PAVIMENTO","lineacurvaplazueleta.rfa","1uW38BJduzDXO3QiwQPjztD8IOtKvRJol","file","application/octet-stream","565248","2026-04-16T22:04:05.000Z","https://drive.google.com/file/d/1uW38BJduzDXO3QiwQPjztD8IOtKvRJol/view?usp=drivesdk","rfa"
"BIM_ROOT/5.00 MODELO BIM/3.00 SEÑALIZACIONES/5. MARCAS EN EL PAVIMENTO","lineaplazueleta.fbx","1q3KuzWasfyGrUdaSa7qPlWNQanumRWL7","file","application/octet-stream","51008","2026-04-16T22:04:05.000Z","https://drive.google.com/file/d/1q3KuzWasfyGrUdaSa7qPlWNQanumRWL7/view?usp=drivesdk","fbx"
"BIM_ROOT/5.00 MODELO BIM/3.00 SEÑALIZACIONES/5. MARCAS EN EL PAVIMENTO","lineaplazueleta.rfa","1u22Rpr1tUXdaAohtfgtQtMhlQNsZ6LlJ","file","application/octet-stream","565248","2026-04-16T22:04:05.000Z","https://drive.google.com/file/d/1u22Rpr1tUXdaAohtfgtQtMhlQNsZ6LlJ/view?usp=drivesdk","rfa"
"BIM_ROOT/5.00 MODELO BIM/3.00 SEÑALIZACIONES/5. MARCAS EN EL PAVIMENTO","PASE PEATONAL-Vista3D-Vista1.fbx","1NiWnKlYhFi-D7RLEBwk5YNc_0CEj1vpT","file","application/octet-stream","45808","2026-04-16T22:04:05.000Z","https://drive.google.com/file/d/1NiWnKlYhFi-D7RLEBwk5YNc_0CEj1vpT/view?usp=drivesdk","fbx"
"BIM_ROOT/5.00 MODELO BIM/3.00 SEÑALIZACIONES/5. MARCAS EN EL PAVIMENTO","PASE PEATONAL.rfa","1Tqjk4YWqZKplWNpN1bs2QMHhHRqJWY5-","file","application/octet-stream","540672","2026-04-16T22:04:05.000Z","https://drive.google.com/file/d/1Tqjk4YWqZKplWNpN1bs2QMHhHRqJWY5-/view?usp=drivesdk","rfa"
"BIM_ROOT/5.00 MODELO BIM/3.00 SEÑALIZACIONES","6. REDUCTORES DE VELOCIDAD 4X5","12ekE5Ex9ofHpyC01J6AD6gwIGVAnDt5N","folder","application/vnd.google-apps.folder",,"2026-04-16T22:04:35.961Z","https://drive.google.com/drive/folders/12ekE5Ex9ofHpyC01J6AD6gwIGVAnDt5N",
"BIM_ROOT/5.00 MODELO BIM/3.00 SEÑALIZACIONES/6. REDUCTORES DE VELOCIDAD 4X5","REDUCTORES DE VELOCIDAD 5.00 X 4.00 M.rfa","1u2QA9ox_RwagP3HRR6r4vWkChautwrk0","file","application/octet-stream","671744","2026-04-16T22:04:06.000Z","https://drive.google.com/file/d/1u2QA9ox_RwagP3HRR6r4vWkChautwrk0/view?usp=drivesdk","rfa"
"BIM_ROOT/5.00 MODELO BIM/3.00 SEÑALIZACIONES/6. REDUCTORES DE VELOCIDAD 4X5","REDUCTORESDEVELOCIDAD5-00X4-00M-Vista3D-Vista1.fbx","1PpJwLSnNrv-RHSRIB2eu6fV59T5ErKZF","file","application/octet-stream","81680","2026-04-16T22:04:06.000Z","https://drive.google.com/file/d/1PpJwLSnNrv-RHSRIB2eu6fV59T5ErKZF/view?usp=drivesdk","fbx"
"BIM_ROOT/5.00 MODELO BIM/3.00 SEÑALIZACIONES","7. TACHAS","14EDj0_DpPfsyesMkm4mtNz_R9vk42RfN","folder","application/vnd.google-apps.folder",,"2026-04-16T22:04:35.960Z","https://drive.google.com/drive/folders/14EDj0_DpPfsyesMkm4mtNz_R9vk42RfN",
"BIM_ROOT/5.00 MODELO BIM/3.00 SEÑALIZACIONES/7. TACHAS","tacha-Vista3D-Vista1.fbx","13NSvCpb_jzr7bMERMiv4-vLKlFi3IuSJ","file","application/octet-stream","66048","2026-04-16T22:04:06.000Z","https://drive.google.com/file/d/13NSvCpb_jzr7bMERMiv4-vLKlFi3IuSJ/view?usp=drivesdk","fbx"
"BIM_ROOT/5.00 MODELO BIM/3.00 SEÑALIZACIONES/7. TACHAS","tacha.rfa","1ppcWA4j1_6ykoUUG1toPhJ2lsO96AtbX","file","application/octet-stream","802816","2026-04-16T22:04:06.000Z","https://drive.google.com/file/d/1ppcWA4j1_6ykoUUG1toPhJ2lsO96AtbX/view?usp=drivesdk","rfa"
"BIM_ROOT/5.00 MODELO BIM/3.00 SEÑALIZACIONES","8. BARRERAS DE SEGURIDAD","1q1N2kz6T1e8faNamlYB6B_aDXhmNclkL","folder","application/vnd.google-apps.folder",,"2026-04-16T22:04:35.964Z","https://drive.google.com/drive/folders/1q1N2kz6T1e8faNamlYB6B_aDXhmNclkL",
"BIM_ROOT/5.00 MODELO BIM/3.00 SEÑALIZACIONES/8. BARRERAS DE SEGURIDAD","barrera de seguridad - con curvatura.rfa","19uyBw01fXAUVz9qE3xMmwPObNRoBm_0q","file","application/octet-stream","9957376","2026-04-16T22:04:09.000Z","https://drive.google.com/file/d/19uyBw01fXAUVz9qE3xMmwPObNRoBm_0q/view?usp=drivesdk","rfa"
"BIM_ROOT/5.00 MODELO BIM/3.00 SEÑALIZACIONES/8. BARRERAS DE SEGURIDAD","barrera de seguridad - CURVATURA COMPLETA 1.rfa","1BrmivaFdkTL-i51djzOCa8H5MOZ3vplW","file","application/octet-stream","7933952","2026-04-16T22:04:09.000Z","https://drive.google.com/file/d/1BrmivaFdkTL-i51djzOCa8H5MOZ3vplW/view?usp=drivesdk","rfa"
"BIM_ROOT/5.00 MODELO BIM/3.00 SEÑALIZACIONES/8. BARRERAS DE SEGURIDAD","barrera de seguridad con curvatura,tres postes.rfa","1rDbIEOPcW37lxntWGnSGWJjenj0t-Wnj","file","application/octet-stream","9977856","2026-04-16T22:04:09.000Z","https://drive.google.com/file/d/1rDbIEOPcW37lxntWGnSGWJjenj0t-Wnj/view?usp=drivesdk","rfa"
"BIM_ROOT/5.00 MODELO BIM/3.00 SEÑALIZACIONES/8. BARRERAS DE SEGURIDAD","barrera de seguridad-DOS POSTES.rfa","1JRWNz_8Mq4fejVnxhYaPubWcDx_UhQdC","file","application/octet-stream","4681728","2026-04-16T22:04:09.000Z","https://drive.google.com/file/d/1JRWNz_8Mq4fejVnxhYaPubWcDx_UhQdC/view?usp=drivesdk","rfa"
"BIM_ROOT/5.00 MODELO BIM/3.00 SEÑALIZACIONES/8. BARRERAS DE SEGURIDAD","barrera de seguridad-TRES POSTES.rfan.rfa","1xLDS02gciUVQXK74W4anlWZ49kmbNe7R","file","application/octet-stream","4681728","2026-04-16T22:04:09.000Z","https://drive.google.com/file/d/1xLDS02gciUVQXK74W4anlWZ49kmbNe7R/view?usp=drivesdk","rfa"
"BIM_ROOT/5.00 MODELO BIM/3.00 SEÑALIZACIONES/8. BARRERAS DE SEGURIDAD","barreradeseguridad-concurvatura-Vista3D-Vista1.fbx","1TAVUIwo_j4UvJFUGLhJwu-3wj9Q2LhCy","file","application/octet-stream","1020848","2026-04-16T22:04:09.000Z","https://drive.google.com/file/d/1TAVUIwo_j4UvJFUGLhJwu-3wj9Q2LhCy/view?usp=drivesdk","fbx"
"BIM_ROOT/5.00 MODELO BIM/3.00 SEÑALIZACIONES/8. BARRERAS DE SEGURIDAD","barreradeseguridad-CURVATURACOMPLETA1-Vista3D-Vista1.fbx","1_8m0jFepFkQu2MEHYOKhg9E9QfyotwjZ","file","application/octet-stream","1327648","2026-04-16T22:04:09.000Z","https://drive.google.com/file/d/1_8m0jFepFkQu2MEHYOKhg9E9QfyotwjZ/view?usp=drivesdk","fbx"
"BIM_ROOT/5.00 MODELO BIM/3.00 SEÑALIZACIONES/8. BARRERAS DE SEGURIDAD","barreradeseguridad-DOSPOSTES-Vista3D-Vista1.fbx","1G9o4zXC62nW6Au4yWbFszJ3z6GXZCqv1","file","application/octet-stream","583072","2026-04-16T22:04:09.000Z","https://drive.google.com/file/d/1G9o4zXC62nW6Au4yWbFszJ3z6GXZCqv1/view?usp=drivesdk","fbx"
"BIM_ROOT/5.00 MODELO BIM/3.00 SEÑALIZACIONES/8. BARRERAS DE SEGURIDAD","barreradeseguridad-TRESPOSTES-rfan-Vista3D-Vista1.fbx","1wRFAVAjVZNvHJFUDDgrzQfYAQqCmTHjp","file","application/octet-stream","604544","2026-04-16T22:04:09.000Z","https://drive.google.com/file/d/1wRFAVAjVZNvHJFUDDgrzQfYAQqCmTHjp/view?usp=drivesdk","fbx"
"BIM_ROOT/5.00 MODELO BIM/3.00 SEÑALIZACIONES/8. BARRERAS DE SEGURIDAD","barreradeseguridadconcurvatura,trespostes-Vista3D-Vista1.fbx","1HPsu351X6tAEXYVmsxpRuTjvr3wXpLay","file","application/octet-stream","1035232","2026-04-16T22:04:09.000Z","https://drive.google.com/file/d/1HPsu351X6tAEXYVmsxpRuTjvr3wXpLay/view?usp=drivesdk","fbx"
"BIM_ROOT/5.00 MODELO BIM/3.00 SEÑALIZACIONES","9. GUARDAVIAS","12X3awmJUCsuBfwlNjgcntuZNA27OFcqn","folder","application/vnd.google-apps.folder",,"2026-04-16T22:04:35.979Z","https://drive.google.com/drive/folders/12X3awmJUCsuBfwlNjgcntuZNA27OFcqn",
"BIM_ROOT/5.00 MODELO BIM/3.00 SEÑALIZACIONES/9. GUARDAVIAS","guardavia con tope final derecha.rfa","1AYeiWLT_NLMW-OwkSAJjPsqT8-I4GQ4a","file","application/octet-stream","3493888","2026-04-16T22:04:06.000Z","https://drive.google.com/file/d/1AYeiWLT_NLMW-OwkSAJjPsqT8-I4GQ4a/view?usp=drivesdk","rfa"
"BIM_ROOT/5.00 MODELO BIM/3.00 SEÑALIZACIONES/9. GUARDAVIAS","guardavia con tope final izquierda.rfa","1A8ju5ko8fOR665tPrEw8GCQBU1XhMj0b","file","application/octet-stream","3399680","2026-04-16T22:04:06.000Z","https://drive.google.com/file/d/1A8ju5ko8fOR665tPrEw8GCQBU1XhMj0b/view?usp=drivesdk","rfa"
"BIM_ROOT/5.00 MODELO BIM/3.00 SEÑALIZACIONES/9. GUARDAVIAS","guardavia sin topes finales.rfa","1GUZjAfGbyC9D1dUx5NngokzcSHIkEiT1","file","application/octet-stream","3481600","2026-04-16T22:04:05.000Z","https://drive.google.com/file/d/1GUZjAfGbyC9D1dUx5NngokzcSHIkEiT1/view?usp=drivesdk","rfa"
"BIM_ROOT/5.00 MODELO BIM/3.00 SEÑALIZACIONES/9. GUARDAVIAS","guardavia- curva con dos postes.rfa","14yhEwfXoVIPx4b1VU5HQS69GRrAMUqdQ","file","application/octet-stream","11313152","2026-04-16T22:04:06.000Z","https://drive.google.com/file/d/14yhEwfXoVIPx4b1VU5HQS69GRrAMUqdQ/view?usp=drivesdk","rfa"
"BIM_ROOT/5.00 MODELO BIM/3.00 SEÑALIZACIONES/9. GUARDAVIAS","guardavia- curva1.rfa con ejes.rfa","19mhCq1lQ1E5Q91qTTqXDQG3wYAUvN44o","file","application/octet-stream","9302016","2026-04-16T22:04:05.000Z","https://drive.google.com/file/d/19mhCq1lQ1E5Q91qTTqXDQG3wYAUvN44o/view?usp=drivesdk","rfa"
"BIM_ROOT/5.00 MODELO BIM/3.00 SEÑALIZACIONES/9. GUARDAVIAS","guardavia- curva1.rfa sin ejes.rfa","153-cGhO0HHCtROF3KWDwqm433MOCrffx","file","application/octet-stream","9871360","2026-04-16T22:04:06.000Z","https://drive.google.com/file/d/153-cGhO0HHCtROF3KWDwqm433MOCrffx/view?usp=drivesdk","rfa"
"BIM_ROOT/5.00 MODELO BIM/3.00 SEÑALIZACIONES/9. GUARDAVIAS","guardavia-curva1-rfaconejes-Vista3D-Vista1.fbx","1M9Q00GMBDkfDUB9SPnaN9-ze5mMb6UR3","file","application/octet-stream","437072","2026-04-16T22:04:05.000Z","https://drive.google.com/file/d/1M9Q00GMBDkfDUB9SPnaN9-ze5mMb6UR3/view?usp=drivesdk","fbx"
"BIM_ROOT/5.00 MODELO BIM/3.00 SEÑALIZACIONES/9. GUARDAVIAS","guardavia-curva1-rfasinejes-Vista3D-Vista1.fbx","1JY46ZBMdp6PUzuOcXVLa1YB4XtcBzGR3","file","application/octet-stream","462448","2026-04-16T22:04:05.000Z","https://drive.google.com/file/d/1JY46ZBMdp6PUzuOcXVLa1YB4XtcBzGR3/view?usp=drivesdk","fbx"
"BIM_ROOT/5.00 MODELO BIM/3.00 SEÑALIZACIONES/9. GUARDAVIAS","guardavia-curvacondospostes-Vista3D-Vista1.fbx","1AmWtap62vI1n5-hYpDBCVcqP4Yiy9U-e","file","application/octet-stream","632800","2026-04-16T22:04:05.000Z","https://drive.google.com/file/d/1AmWtap62vI1n5-hYpDBCVcqP4Yiy9U-e/view?usp=drivesdk","fbx"
"BIM_ROOT/5.00 MODELO BIM/3.00 SEÑALIZACIONES/9. GUARDAVIAS","guardaviaCOMPLETA CON EJES.rfa","1ubb2GSfVxcllPOW4_pG9LQLOoWfcSqEQ","file","application/octet-stream","10166272","2026-04-16T22:04:06.000Z","https://drive.google.com/file/d/1ubb2GSfVxcllPOW4_pG9LQLOoWfcSqEQ/view?usp=drivesdk","rfa"
"BIM_ROOT/5.00 MODELO BIM/3.00 SEÑALIZACIONES/9. GUARDAVIAS","guardaviaCOMPLETA SIN EJES.rfa","1RHIovYqmwNeW6swwruoQdZtqqXu3etv8","file","application/octet-stream","10166272","2026-04-16T22:04:06.000Z","https://drive.google.com/file/d/1RHIovYqmwNeW6swwruoQdZtqqXu3etv8/view?usp=drivesdk","rfa"
"BIM_ROOT/5.00 MODELO BIM/3.00 SEÑALIZACIONES/9. GUARDAVIAS","guardaviaCOMPLETACONEJES-Vista3D-Vista1.fbx","1Oo0jO6tLp65V5KtXvkeLZtLKsK3q5Vx-","file","application/octet-stream","632544","2026-04-16T22:04:05.000Z","https://drive.google.com/file/d/1Oo0jO6tLp65V5KtXvkeLZtLKsK3q5Vx-/view?usp=drivesdk","fbx"
"BIM_ROOT/5.00 MODELO BIM/3.00 SEÑALIZACIONES/9. GUARDAVIAS","guardaviaCOMPLETASINEJES-Vista3D-Vista1.fbx","1wB0j109wjKslxQBBOuFhbv8XpVnQ88_l","file","application/octet-stream","632704","2026-04-16T22:04:05.000Z","https://drive.google.com/file/d/1wB0j109wjKslxQBBOuFhbv8XpVnQ88_l/view?usp=drivesdk","fbx"
"BIM_ROOT/5.00 MODELO BIM/3.00 SEÑALIZACIONES/9. GUARDAVIAS","guardaviacontopefinalderecha-Vista3D-Vista1.fbx","12Kg4LhyBTHbhWVZJSdn-gEwPOrXS0v4e","file","application/octet-stream","921104","2026-04-16T22:04:06.000Z","https://drive.google.com/file/d/12Kg4LhyBTHbhWVZJSdn-gEwPOrXS0v4e/view?usp=drivesdk","fbx"
"BIM_ROOT/5.00 MODELO BIM/3.00 SEÑALIZACIONES/9. GUARDAVIAS","guardaviacontopefinalizquierda-Vista3D-Vista1.fbx","1zeb4FJqqt6JcliKHHY7uj9zKeraEO8YK","file","application/octet-stream","908640","2026-04-16T22:04:06.000Z","https://drive.google.com/file/d/1zeb4FJqqt6JcliKHHY7uj9zKeraEO8YK/view?usp=drivesdk","fbx"
"BIM_ROOT/5.00 MODELO BIM/3.00 SEÑALIZACIONES/9. GUARDAVIAS","guardavias con dos postes version 1.rfa","1cQP4_gepqpJ4L7U2Iu-1pFFWIlgXE_YZ","file","application/octet-stream","2715648","2026-04-16T22:04:06.000Z","https://drive.google.com/file/d/1cQP4_gepqpJ4L7U2Iu-1pFFWIlgXE_YZ/view?usp=drivesdk","rfa"
"BIM_ROOT/5.00 MODELO BIM/3.00 SEÑALIZACIONES/9. GUARDAVIAS","guardavias con dos postes version 2.rfa","18W8Hyc5_Ix_JJM_QDrLIqmdwlFsV_oMd","file","application/octet-stream","2715648","2026-04-16T22:04:06.000Z","https://drive.google.com/file/d/18W8Hyc5_Ix_JJM_QDrLIqmdwlFsV_oMd/view?usp=drivesdk","rfa"
"BIM_ROOT/5.00 MODELO BIM/3.00 SEÑALIZACIONES/9. GUARDAVIAS","guardaviascondospostesversion1-Vista3D-Vista1.fbx","1qLO6DYSPZcaLetH8tkCaIFlCjCLmfTKb","file","application/octet-stream","415776","2026-04-16T22:04:05.000Z","https://drive.google.com/file/d/1qLO6DYSPZcaLetH8tkCaIFlCjCLmfTKb/view?usp=drivesdk","fbx"
"BIM_ROOT/5.00 MODELO BIM/3.00 SEÑALIZACIONES/9. GUARDAVIAS","guardaviascondospostesversion2-Vista3D-Vista1.fbx","1SdIERAdURbyUgLmq7NoSw0dwg6b-xZFn","file","application/octet-stream","416784","2026-04-16T22:04:05.000Z","https://drive.google.com/file/d/1SdIERAdURbyUgLmq7NoSw0dwg6b-xZFn/view?usp=drivesdk","fbx"
"BIM_ROOT/5.00 MODELO BIM/3.00 SEÑALIZACIONES/9. GUARDAVIAS","guardaviasintopesfinales-Vista3D-Vista1.fbx","1t-qC0JX0Vrh9ZidSBVrPjYPS2iDKp1U4","file","application/octet-stream","377824","2026-04-16T22:04:05.000Z","https://drive.google.com/file/d/1t-qC0JX0Vrh9ZidSBVrPjYPS2iDKp1U4/view?usp=drivesdk","fbx"
"BIM_ROOT/5.00 MODELO BIM","4.00 DATOS XML - SUPERFIE","1Y-HRZU1eU2bNeM56L0goUb5r79S13a8a","folder","application/vnd.google-apps.folder",,"2026-04-16T22:03:46.684Z","https://drive.google.com/drive/folders/1Y-HRZU1eU2bNeM56L0goUb5r79S13a8a",
"BIM_ROOT/5.00 MODELO BIM/4.00 DATOS XML - SUPERFIE","PLANTA Y PERFIL.xml","1O1Cg1X3Zry4kismPkgcslx6vIJDA2usA","file","text/xml","326315865","2026-04-16T22:03:43.000Z","https://drive.google.com/file/d/1O1Cg1X3Zry4kismPkgcslx6vIJDA2usA/view?usp=drivesdk","xml"
"BIM_ROOT/5.00 MODELO BIM","5.00 PUNTOS GEODESICOS","1FRGWqMUtbzkICrg5-Zx8wSZifTJfY3Ec","folder","application/vnd.google-apps.folder",,"2026-04-16T22:20:58.931Z","https://drive.google.com/drive/folders/1FRGWqMUtbzkICrg5-Zx8wSZifTJfY3Ec",
"BIM_ROOT/5.00 MODELO BIM/5.00 PUNTOS GEODESICOS","PUNTOS GEODESICOS.dwg","1faUC2BMM98cAzqcdmShQRL4XU_KnO6X9","file","image/vnd.dwg","13876361","2026-04-16T22:20:41.000Z","https://drive.google.com/file/d/1faUC2BMM98cAzqcdmShQRL4XU_KnO6X9/view?usp=drivesdk","dwg"
"BIM_ROOT/5.00 MODELO BIM","6.00 INTERSECCIONES","1t3QHiHM4rqc1t8syrOM57WN-JZ1g-IEJ","folder","application/vnd.google-apps.folder",,"2026-05-06T13:23:08.154Z","https://drive.google.com/drive/folders/1t3QHiHM4rqc1t8syrOM57WN-JZ1g-IEJ",
"BIM_ROOT/5.00 MODELO BIM/6.00 INTERSECCIONES","1.00 Interseccion Prog. 0+760.dwg","1qijczSHrmEtFWZDmFrHExWzuIRSkK5qu","file","image/vnd.dwg","102699915","2025-03-17T17:50:00.000Z","https://drive.google.com/file/d/1qijczSHrmEtFWZDmFrHExWzuIRSkK5qu/view?usp=drivesdk","dwg"
"BIM_ROOT/5.00 MODELO BIM/6.00 INTERSECCIONES","10.00 Intersección Prog. 3+790 LD y LI.dwg","1WCub75POpxnBjPUzb_L6UwNH731yXsU8","file","image/vnd.dwg","18201906","2025-03-17T19:34:12.000Z","https://drive.google.com/file/d/1WCub75POpxnBjPUzb_L6UwNH731yXsU8/view?usp=drivesdk","dwg"
"BIM_ROOT/5.00 MODELO BIM/6.00 INTERSECCIONES","11.00 Interseccion Prog. 3+950.dwg","10Hbu-C8ZHzhY4MNtXrVK9dm6589-QQhQ","file","image/vnd.dwg","11458192","2025-03-17T19:46:28.000Z","https://drive.google.com/file/d/10Hbu-C8ZHzhY4MNtXrVK9dm6589-QQhQ/view?usp=drivesdk","dwg"
"BIM_ROOT/5.00 MODELO BIM/6.00 INTERSECCIONES","12.00 Interseccion Prog. 04+160.dwg","1tuq943lQ4TyxqUoNAO0NZJhRSMHBNHOE","file","image/vnd.dwg","15598700","2025-03-17T19:39:28.000Z","https://drive.google.com/file/d/1tuq943lQ4TyxqUoNAO0NZJhRSMHBNHOE/view?usp=drivesdk","dwg"
"BIM_ROOT/5.00 MODELO BIM/6.00 INTERSECCIONES","13.00 Interseccion Prog. 04+380 LD Y LI.dwg","1bc-u_qJFx_jWyyxLj5I7ReBK_FEN_lu0","file","image/vnd.dwg","14063054","2025-03-17T19:43:38.000Z","https://drive.google.com/file/d/1bc-u_qJFx_jWyyxLj5I7ReBK_FEN_lu0/view?usp=drivesdk","dwg"
"BIM_ROOT/5.00 MODELO BIM/6.00 INTERSECCIONES","14.00 Interseccion Prog. 04+590 LD y LI.dwg","13KZd0XwNkHlYs0dygeRPMh_EVIT5dJwg","file","image/vnd.dwg","14517377","2025-03-17T19:50:46.000Z","https://drive.google.com/file/d/13KZd0XwNkHlYs0dygeRPMh_EVIT5dJwg/view?usp=drivesdk","dwg"
"BIM_ROOT/5.00 MODELO BIM/6.00 INTERSECCIONES","15.00 Interseccion Prog. 5+000.dwg","16PYmPAIDaBjdrxn0Q3hiLpz8lNrva_Nq","file","image/vnd.dwg","21070832","2025-03-17T20:11:56.000Z","https://drive.google.com/file/d/16PYmPAIDaBjdrxn0Q3hiLpz8lNrva_Nq/view?usp=drivesdk","dwg"
"BIM_ROOT/5.00 MODELO BIM/6.00 INTERSECCIONES","16.00 Interseccion Prog. 05+280.dwg","1tbNAd6K0XwAd2WcRF6bnmVKLLfSjGj9e","file","image/vnd.dwg","13132901","2025-03-17T19:59:58.000Z","https://drive.google.com/file/d/1tbNAd6K0XwAd2WcRF6bnmVKLLfSjGj9e/view?usp=drivesdk","dwg"
"BIM_ROOT/5.00 MODELO BIM/6.00 INTERSECCIONES","17.00 18.00 Interseccion Prog. 05+500 y 05+705.dwg","1tQMqOOa2U9DCBAnIWb-N5XtYqrF8W4Sq","file","image/vnd.dwg","13940981","2025-03-17T20:07:40.000Z","https://drive.google.com/file/d/1tQMqOOa2U9DCBAnIWb-N5XtYqrF8W4Sq/view?usp=drivesdk","dwg"
"BIM_ROOT/5.00 MODELO BIM/6.00 INTERSECCIONES","19.00 20.00 21.00 Intersección Prog. 5+940, 6+160 y 6+380.dwg","1NEFg-oB5p5TvYN2EahSWZBzoGCWmMYE5","file","image/vnd.dwg","15932349","2025-03-17T20:18:46.000Z","https://drive.google.com/file/d/1NEFg-oB5p5TvYN2EahSWZBzoGCWmMYE5/view?usp=drivesdk","dwg"
"BIM_ROOT/5.00 MODELO BIM/6.00 INTERSECCIONES","2.00 Interseccion Prog. 1+500.dwg","1JpGScZ4Xsw8ADD1RDG1R-cuIyhNu1Dhj","file","image/vnd.dwg","13242243","2025-03-17T18:09:50.000Z","https://drive.google.com/file/d/1JpGScZ4Xsw8ADD1RDG1R-cuIyhNu1Dhj/view?usp=drivesdk","dwg"
"BIM_ROOT/5.00 MODELO BIM/6.00 INTERSECCIONES","22.00 Intersección Prog. 07+540.dwg","1CxgjR7biXAi6AQzsavXbflJfwrOs6FKy","file","image/vnd.dwg","13415615","2025-03-17T20:21:52.000Z","https://drive.google.com/file/d/1CxgjR7biXAi6AQzsavXbflJfwrOs6FKy/view?usp=drivesdk","dwg"
"BIM_ROOT/5.00 MODELO BIM/6.00 INTERSECCIONES","23.00 24.00 Interseccion Prog. 7+980, 8+355.dwg","1nVAyWqUsgnsjU-Q5D28o69xI42ERd3Ey","file","image/vnd.dwg","14617763","2025-03-17T20:25:38.000Z","https://drive.google.com/file/d/1nVAyWqUsgnsjU-Q5D28o69xI42ERd3Ey/view?usp=drivesdk","dwg"
"BIM_ROOT/5.00 MODELO BIM/6.00 INTERSECCIONES","25.00 26.00 Interseccion Prog. 09+180 y 09+235.dwg","1bvFh2KcsgwyXBZmutzZ6-7XZVjoDEuNT","file","image/vnd.dwg","18968236","2025-03-17T20:26:00.000Z","https://drive.google.com/file/d/1bvFh2KcsgwyXBZmutzZ6-7XZVjoDEuNT/view?usp=drivesdk","dwg"
"BIM_ROOT/5.00 MODELO BIM/6.00 INTERSECCIONES","27.00 28.00 29.00Interseccion Prog. 09+720, 09+890 y 09+900.dwg","1ybUpGgVfkW582M3PtR8uIznDgdmtpsuc","file","image/vnd.dwg","18269476","2025-03-17T20:02:32.000Z","https://drive.google.com/file/d/1ybUpGgVfkW582M3PtR8uIznDgdmtpsuc/view?usp=drivesdk","dwg"
"BIM_ROOT/5.00 MODELO BIM/6.00 INTERSECCIONES","3.00 Interseccion Prog. 2+020.dwg","1qu5EVsIRh19dmpXEwEmO_ScJpsa94bJ7","file","image/vnd.dwg","19127045","2025-03-17T18:47:52.000Z","https://drive.google.com/file/d/1qu5EVsIRh19dmpXEwEmO_ScJpsa94bJ7/view?usp=drivesdk","dwg"
"BIM_ROOT/5.00 MODELO BIM/6.00 INTERSECCIONES","30.00 Interseccion Prog. 10+405.dwg","122dtnkijYsRd9LFYS-9NqR32pIcEhLpF","file","image/vnd.dwg","13206399","2025-03-17T20:02:32.000Z","https://drive.google.com/file/d/122dtnkijYsRd9LFYS-9NqR32pIcEhLpF/view?usp=drivesdk","dwg"
"BIM_ROOT/5.00 MODELO BIM/6.00 INTERSECCIONES","4.00 Interseccion Prog. 2+330.dwg","1VHuplCbV5T5MQiv4lBGuZqImUJexdI48","file","image/vnd.dwg","18887234","2025-03-17T18:59:00.000Z","https://drive.google.com/file/d/1VHuplCbV5T5MQiv4lBGuZqImUJexdI48/view?usp=drivesdk","dwg"
"BIM_ROOT/5.00 MODELO BIM/6.00 INTERSECCIONES","5.00 Interseccion Prog. 2+570.dwg","1cPvSJuFOBqy-KTG22pocUcj3ktbOjfi6","file","image/vnd.dwg","17569130","2025-03-17T19:03:48.000Z","https://drive.google.com/file/d/1cPvSJuFOBqy-KTG22pocUcj3ktbOjfi6/view?usp=drivesdk","dwg"
"BIM_ROOT/5.00 MODELO BIM/6.00 INTERSECCIONES","6.00 Intersección Prog. 2+720.dwg","1-gkWVJWUQVu1tufLPzcvbppVWoNvOdQ9","file","image/vnd.dwg","34974561","2025-03-17T19:07:08.000Z","https://drive.google.com/file/d/1-gkWVJWUQVu1tufLPzcvbppVWoNvOdQ9/view?usp=drivesdk","dwg"
"BIM_ROOT/5.00 MODELO BIM/6.00 INTERSECCIONES","7.00 Intersección Prog. 2+800.dwg","1pveID_9doh5zzAyfeWlQ5PVa1AoptIPa","file","image/vnd.dwg","12337404","2025-03-17T19:29:42.000Z","https://drive.google.com/file/d/1pveID_9doh5zzAyfeWlQ5PVa1AoptIPa/view?usp=drivesdk","dwg"
"BIM_ROOT/5.00 MODELO BIM/6.00 INTERSECCIONES","8.00 9.00 Interseccion Prog. 3+120 y 3+560.dwg","1zUOCT8KSVZ4DmCDKbjzkHvlDOuMVYCBc","file","image/vnd.dwg","18957111","2025-03-17T19:26:00.000Z","https://drive.google.com/file/d/1zUOCT8KSVZ4DmCDKbjzkHvlDOuMVYCBc/view?usp=drivesdk","dwg"
"BIM_ROOT","6.00 ACTUALIZACION BEP","1oruHMsSUksM756qTpVVsw217YH68pTSe","folder","application/vnd.google-apps.folder",,"2026-04-16T17:28:06.758Z","https://drive.google.com/drive/folders/1oruHMsSUksM756qTpVVsw217YH68pTSe",
"BIM_ROOT/6.00 ACTUALIZACION BEP","4. ANEXO 4 LICENCIAS","1sDVAD_warM6-dJ9s00mAjfE3xjDPQ1PR","folder","application/vnd.google-apps.folder",,"2026-04-16T20:32:12.151Z","https://drive.google.com/drive/folders/1sDVAD_warM6-dJ9s00mAjfE3xjDPQ1PR",
"BIM_ROOT/6.00 ACTUALIZACION BEP/4. ANEXO 4 LICENCIAS","4. ANEXO PEB N°4 LICENCIA DE SOFWARE.pdf","1iwMTG5EVr0s_3oiQDi7Zve3bfAv9U6rQ","file","application/pdf","24329","2025-12-30T14:32:28.000Z","https://drive.google.com/file/d/1iwMTG5EVr0s_3oiQDi7Zve3bfAv9U6rQ/view?usp=drivesdk","pdf"
"BIM_ROOT/6.00 ACTUALIZACION BEP/4. ANEXO 4 LICENCIAS","4.1 DOC.pdf","1GtwzELMxDMPMUrZTiREfCnkJLfTLYxdH","file","application/pdf","51641","2025-12-30T16:52:58.000Z","https://drive.google.com/file/d/1GtwzELMxDMPMUrZTiREfCnkJLfTLYxdH/view?usp=drivesdk","pdf"
"BIM_ROOT/6.00 ACTUALIZACION BEP/4. ANEXO 4 LICENCIAS","4.2 MARZO 2026.pdf","1oEG3ILpsbLl-FVeiDt6IqpwGw3cgjPKx","file","application/pdf","50930","2026-04-16T20:09:28.000Z","https://drive.google.com/file/d/1oEG3ILpsbLl-FVeiDt6IqpwGw3cgjPKx/view?usp=drivesdk","pdf"
"BIM_ROOT/6.00 ACTUALIZACION BEP/4. ANEXO 4 LICENCIAS","4.3 FEBRERO 2026.pdf","1X3AIaHs3ZaE8_0U5TohFf_Jy4ax-2-cn","file","application/pdf","50935","2026-04-16T20:10:10.000Z","https://drive.google.com/file/d/1X3AIaHs3ZaE8_0U5TohFf_Jy4ax-2-cn/view?usp=drivesdk","pdf"
"BIM_ROOT/6.00 ACTUALIZACION BEP/4. ANEXO 4 LICENCIAS","4.4 ENERO 2026.pdf","1ppv7J2OO_xP7v1Kh2UMXu4CwYnz_F_Qa","file","application/pdf","51556","2026-04-16T20:11:04.000Z","https://drive.google.com/file/d/1ppv7J2OO_xP7v1Kh2UMXu4CwYnz_F_Qa/view?usp=drivesdk","pdf"
"BIM_ROOT/6.00 ACTUALIZACION BEP","5. ANEXO PEB N°5 CRONOGRAMA DE COORDINACION E HITOS","1KsXkGV2oUk1Vc8sFRAer5uBGT8-EY4G6","folder","application/vnd.google-apps.folder",,"2026-04-16T20:32:12.161Z","https://drive.google.com/drive/folders/1KsXkGV2oUk1Vc8sFRAer5uBGT8-EY4G6",
"BIM_ROOT/6.00 ACTUALIZACION BEP/5. ANEXO PEB N°5 CRONOGRAMA DE COORDINACION E HITOS","CRONOGRAMA INGENIERIA.mpp","1szLMVxhjucLGaPb8bqQ-LO-LtnADd4UO","file","application/vnd.ms-project","718848","2026-04-16T20:31:22.000Z","https://drive.google.com/file/d/1szLMVxhjucLGaPb8bqQ-LO-LtnADd4UO/view?usp=drivesdk","mpp"
"BIM_ROOT/6.00 ACTUALIZACION BEP","1 ANEXO PEB N°01 FORMATO DE ACTAS DE COORDINACION.xlsx","1tohuQWiWmR8Vsk09l-aBJtcN4309YI3v","file","application/vnd.openxmlformats-officedocument.spreadsheetml.sheet","26324","2026-04-16T20:08:10.000Z","https://docs.google.com/spreadsheets/d/1tohuQWiWmR8Vsk09l-aBJtcN4309YI3v/edit?usp=drivesdk&rtpof=true&sd=true","xlsx"
"BIM_ROOT/6.00 ACTUALIZACION BEP","2. ANEXO PEB N°2 FORMATO DE ACTA ICE.xlsx","1cDyN8kY2wGrQ2AYl6lPTFdxZkgDm2L0g","file","application/vnd.openxmlformats-officedocument.spreadsheetml.sheet","25516","2026-04-16T19:49:45.000Z","https://docs.google.com/spreadsheets/d/1cDyN8kY2wGrQ2AYl6lPTFdxZkgDm2L0g/edit?usp=drivesdk&rtpof=true&sd=true","xlsx"
"BIM_ROOT/6.00 ACTUALIZACION BEP","3. ANEXO PEB N°3 FORMATO N°5(REGISTRO DE PLAN DE EJECUCION BEP).xlsx","14PckJAKAN4_VdVeRIvWJ2VJSQiAtg5mv","file","application/vnd.openxmlformats-officedocument.spreadsheetml.sheet","252892","2026-04-16T20:08:06.000Z","https://docs.google.com/spreadsheets/d/14PckJAKAN4_VdVeRIvWJ2VJSQiAtg5mv/edit?usp=drivesdk&rtpof=true&sd=true","xlsx"
"BIM_ROOT/6.00 ACTUALIZACION BEP","PLAN DE EJECUCION BIM.docx","1yr5zYVmWyeFKp_xc3AHlYNIIljMBm6Me","file","application/vnd.openxmlformats-officedocument.wordprocessingml.document","11409670","2026-04-16T20:08:01.000Z","https://docs.google.com/document/d/1yr5zYVmWyeFKp_xc3AHlYNIIljMBm6Me/edit?usp=drivesdk&rtpof=true&sd=true","docx"
"BIM_ROOT","7.00 SIMULACION BIM 4D","1i7IzoBV-jGPTzxtnqS6BkgRWWLYnS8rT","folder","application/vnd.google-apps.folder",,"2026-04-16T17:28:16.979Z","https://drive.google.com/drive/folders/1i7IzoBV-jGPTzxtnqS6BkgRWWLYnS8rT",
"BIM_ROOT","8.00 MAQUETA INFRAWORK","19_qRxDiQsPlqW8R9Kd22JneGByPlNdyL","folder","application/vnd.google-apps.folder",,"2026-04-16T17:28:27.285Z","https://drive.google.com/drive/folders/19_qRxDiQsPlqW8R9Kd22JneGByPlNdyL",
"BIM_ROOT/8.00 MAQUETA INFRAWORK","ROLDAN.files","1csB8f_iD4MCxnNmp6ehjGayDDG1LiTwb","folder","application/vnd.google-apps.folder",,"2026-05-11T17:04:34.387Z","https://drive.google.com/drive/folders/1csB8f_iD4MCxnNmp6ehjGayDDG1LiTwb",
"BIM_ROOT/8.00 MAQUETA INFRAWORK/ROLDAN.files",".git","1pDFR9Tpe9ZpgPO9cSxfD992FRG7559N5","folder","application/vnd.google-apps.folder",,"2026-05-11T17:04:35.432Z","https://drive.google.com/drive/folders/1pDFR9Tpe9ZpgPO9cSxfD992FRG7559N5",
"BIM_ROOT/8.00 MAQUETA INFRAWORK/ROLDAN.files/.git","hooks","1OBfRkzMkMwEF1RdZcKJCQoDko5berkBS","folder","application/vnd.google-apps.folder",,"2026-05-11T17:04:36.630Z","https://drive.google.com/drive/folders/1OBfRkzMkMwEF1RdZcKJCQoDko5berkBS",
"BIM_ROOT/8.00 MAQUETA INFRAWORK/ROLDAN.files/.git","info","1QxzKSQAxLg2uqeaIDyAqX4dzgPY_U1HK","folder","application/vnd.google-apps.folder",,"2026-05-11T17:04:36.620Z","https://drive.google.com/drive/folders/1QxzKSQAxLg2uqeaIDyAqX4dzgPY_U1HK",
"BIM_ROOT/8.00 MAQUETA INFRAWORK/ROLDAN.files/.git","logs","1I_5bfPkI7B67iFAMeyfy9who-XtZLIII","folder","application/vnd.google-apps.folder",,"2026-05-11T17:04:36.682Z","https://drive.google.com/drive/folders/1I_5bfPkI7B67iFAMeyfy9who-XtZLIII",
"BIM_ROOT/8.00 MAQUETA INFRAWORK/ROLDAN.files/.git","objects","1zF34ayLlnfi51iYMyESgNVQBZe3Iu_HF","folder","application/vnd.google-apps.folder",,"2026-05-11T17:04:36.681Z","https://drive.google.com/drive/folders/1zF34ayLlnfi51iYMyESgNVQBZe3Iu_HF",
"BIM_ROOT/8.00 MAQUETA INFRAWORK/ROLDAN.files/.git","refs","1eCliNbN7VoejcNFB39qArr4eiC66Ej9A","folder","application/vnd.google-apps.folder",,"2026-05-11T17:04:36.674Z","https://drive.google.com/drive/folders/1eCliNbN7VoejcNFB39qArr4eiC66Ej9A",
"BIM_ROOT/8.00 MAQUETA INFRAWORK/ROLDAN.files/.git","COMMIT_EDITMSG","1SODfBnJJ3tDrk1uCjAQsoVQPhurA-kDZ","file","application/octet-stream","41","2026-04-16T23:31:47.000Z","https://drive.google.com/file/d/1SODfBnJJ3tDrk1uCjAQsoVQPhurA-kDZ/view?usp=drivesdk",""
"BIM_ROOT/8.00 MAQUETA INFRAWORK/ROLDAN.files/.git","config","1IAE-txcmPY-uGaEykW0_j1dT76Dj-BSF","file","application/octet-stream","389","2026-04-16T23:31:47.000Z","https://drive.google.com/file/d/1IAE-txcmPY-uGaEykW0_j1dT76Dj-BSF/view?usp=drivesdk",""
"BIM_ROOT/8.00 MAQUETA INFRAWORK/ROLDAN.files/.git","description","1hSFPiQjmdHQs7bDBqB24dSrYtNLqpv2L","file","application/octet-stream","73","2025-02-06T14:34:06.000Z","https://drive.google.com/file/d/1hSFPiQjmdHQs7bDBqB24dSrYtNLqpv2L/view?usp=drivesdk",""
"BIM_ROOT/8.00 MAQUETA INFRAWORK/ROLDAN.files/.git","HEAD","1SBOqvPRwEL9_WKncL87JtGavkXnRnZe-","file","application/octet-stream","23","2026-04-16T23:31:47.000Z","https://drive.google.com/file/d/1SBOqvPRwEL9_WKncL87JtGavkXnRnZe-/view?usp=drivesdk",""
"BIM_ROOT/8.00 MAQUETA INFRAWORK/ROLDAN.files/.git","index","1CSBtBlliWK0CZBeXw3AbmZqCvOMt_k28","file","application/octet-stream","29064","2026-04-16T23:31:47.000Z","https://drive.google.com/file/d/1CSBtBlliWK0CZBeXw3AbmZqCvOMt_k28/view?usp=drivesdk",""
"BIM_ROOT/8.00 MAQUETA INFRAWORK/ROLDAN.files/.git","ORIG_HEAD","1NUlLSY_p85goiC7lM4zfQpaWSB1HxVQk","file","application/octet-stream","41","2025-02-11T19:25:47.000Z","https://drive.google.com/file/d/1NUlLSY_p85goiC7lM4zfQpaWSB1HxVQk/view?usp=drivesdk",""
"BIM_ROOT/8.00 MAQUETA INFRAWORK/ROLDAN.files/.git","packed-refs","1D7JX-XHGTM_MMHn1Jp-8XGhkklY7Krxo","file","application/octet-stream","246","2025-02-11T21:59:14.000Z","https://drive.google.com/file/d/1D7JX-XHGTM_MMHn1Jp-8XGhkklY7Krxo/view?usp=drivesdk",""
"BIM_ROOT/8.00 MAQUETA INFRAWORK/ROLDAN.files/.git","SQUASH_MSG","1QsLfQrUeZKFVv6xPUjd_Wr-Ji3BCR5bo","file","application/octet-stream","214","2026-04-16T23:31:47.000Z","https://drive.google.com/file/d/1QsLfQrUeZKFVv6xPUjd_Wr-Ji3BCR5bo/view?usp=drivesdk",""
"BIM_ROOT/8.00 MAQUETA INFRAWORK/ROLDAN.files","exploded","1MVb3OeBEEN2JjwsbV-a5zDJSXcCbvrOV","folder","application/vnd.google-apps.folder",,"2026-05-11T17:04:35.432Z","https://drive.google.com/drive/folders/1MVb3OeBEEN2JjwsbV-a5zDJSXcCbvrOV",
"BIM_ROOT/8.00 MAQUETA INFRAWORK/ROLDAN.files/exploded","ABUTMENTS","1Q670cXLoJFMQu3YnpGE3EhltehYz6AKq","folder","application/vnd.google-apps.folder",,"2026-05-11T17:04:37.642Z","https://drive.google.com/drive/folders/1Q670cXLoJFMQu3YnpGE3EhltehYz6AKq",
"BIM_ROOT/8.00 MAQUETA INFRAWORK/ROLDAN.files/exploded","ALIGNMENT_ANCHORS","1EJRFlXEcWYz4h3JOoQkXyvUozXOBWWvC","folder","application/vnd.google-apps.folder",,"2026-05-11T17:04:37.646Z","https://drive.google.com/drive/folders/1EJRFlXEcWYz4h3JOoQkXyvUozXOBWWvC",
"BIM_ROOT/8.00 MAQUETA INFRAWORK/ROLDAN.files/exploded","ALIGNMENT_CROSS_SECTIONS","1JrLP4LhasTeMM2ocV2L6NbWX50BloOFc","folder","application/vnd.google-apps.folder",,"2026-05-11T17:04:37.640Z","https://drive.google.com/drive/folders/1JrLP4LhasTeMM2ocV2L6NbWX50BloOFc",
"BIM_ROOT/8.00 MAQUETA INFRAWORK/ROLDAN.files/exploded","ALIGNMENT_REGIONS","1MiS5EK9BmslceYzaWNR_6tU_AMoDmqif","folder","application/vnd.google-apps.folder",,"2026-05-11T17:04:37.644Z","https://drive.google.com/drive/folders/1MiS5EK9BmslceYzaWNR_6tU_AMoDmqif",
"BIM_ROOT/8.00 MAQUETA INFRAWORK/ROLDAN.files/exploded","BARRIERS","1JEhhBkWAGNaN0vdfOYdfX_nWDDzMYGFn","folder","application/vnd.google-apps.folder",,"2026-05-11T17:04:37.645Z","https://drive.google.com/drive/folders/1JEhhBkWAGNaN0vdfOYdfX_nWDDzMYGFn",
"BIM_ROOT/8.00 MAQUETA INFRAWORK/ROLDAN.files/exploded","BRIDGES","13k_8rHpvHcAaEO25RBvV-PbYUDrjZiGB","folder","application/vnd.google-apps.folder",,"2026-05-11T17:04:37.649Z","https://drive.google.com/drive/folders/13k_8rHpvHcAaEO25RBvV-PbYUDrjZiGB",
"BIM_ROOT/8.00 MAQUETA INFRAWORK/ROLDAN.files/exploded","BUILDINGS","1CIRpVWkyLe1e7OIDWH7_cBxkx0_8kZ_o","folder","application/vnd.google-apps.folder",,"2026-05-11T17:04:37.641Z","https://drive.google.com/drive/folders/1CIRpVWkyLe1e7OIDWH7_cBxkx0_8kZ_o",
"BIM_ROOT/8.00 MAQUETA INFRAWORK/ROLDAN.files/exploded","CachePrimitives_master","1JP_LBpSf-FiIv0lRSSVcia4C0CSqSKG2","folder","application/vnd.google-apps.folder",,"2026-05-11T17:04:37.672Z","https://drive.google.com/drive/folders/1JP_LBpSf-FiIv0lRSSVcia4C0CSqSKG2",
"BIM_ROOT/8.00 MAQUETA INFRAWORK/ROLDAN.files/exploded","CacheTerrainOperations_master","1dpGcCjNRPKFha2HxJpIzsm5qzfe29ht8","folder","application/vnd.google-apps.folder",,"2026-05-11T17:04:37.674Z","https://drive.google.com/drive/folders/1dpGcCjNRPKFha2HxJpIzsm5qzfe29ht8",
"BIM_ROOT/8.00 MAQUETA INFRAWORK/ROLDAN.files/exploded","CITY_FURNITURE","1Km2HlzBb1UbWt-ReiFDmP5r3PeeINDnE","folder","application/vnd.google-apps.folder",,"2026-05-11T17:04:37.676Z","https://drive.google.com/drive/folders/1Km2HlzBb1UbWt-ReiFDmP5r3PeeINDnE",
"BIM_ROOT/8.00 MAQUETA INFRAWORK/ROLDAN.files/exploded","CONSTRAINED_DEF_GEOM_LOCATIONS","1IO4Mw9PBORwNdTN-rS7kNMCFR5HXP0rP","folder","application/vnd.google-apps.folder",,"2026-05-11T17:04:37.832Z","https://drive.google.com/drive/folders/1IO4Mw9PBORwNdTN-rS7kNMCFR5HXP0rP",
"BIM_ROOT/8.00 MAQUETA INFRAWORK/ROLDAN.files/exploded","CONSTRAINED_DEF_REGIONS","1UwqwL_cKUs-VwDbch0ZKvungEScLC6q2","folder","application/vnd.google-apps.folder",,"2026-05-11T17:04:37.851Z","https://drive.google.com/drive/folders/1UwqwL_cKUs-VwDbch0ZKvungEScLC6q2",
"BIM_ROOT/8.00 MAQUETA INFRAWORK/ROLDAN.files/exploded","CONSTRAINED_DEF_RPSYSTEMS","1hK10BxsODn6A8nZjFw5tgUfhc2HLSeYM","folder","application/vnd.google-apps.folder",,"2026-05-11T17:04:38.643Z","https://drive.google.com/drive/folders/1hK10BxsODn6A8nZjFw5tgUfhc2HLSeYM",
"BIM_ROOT/8.00 MAQUETA INFRAWORK/ROLDAN.files/exploded","CONSTRAINED_DEF_TRANSITIONS","1po6HqVrN3uXHaF2hZUicI4LqK2Wqobyy","folder","application/vnd.google-apps.folder",,"2026-05-11T17:04:38.646Z","https://drive.google.com/drive/folders/1po6HqVrN3uXHaF2hZUicI4LqK2Wqobyy",
"BIM_ROOT/8.00 MAQUETA INFRAWORK/ROLDAN.files/exploded","CONSTRAINED_DEFINITIONS","1xjv-tf7O1N4yKPnRvLn09sU-AT12Bgn3","folder","application/vnd.google-apps.folder",,"2026-05-11T17:04:37.667Z","https://drive.google.com/drive/folders/1xjv-tf7O1N4yKPnRvLn09sU-AT12Bgn3",
"BIM_ROOT/8.00 MAQUETA INFRAWORK/ROLDAN.files/exploded","COVERAGES","1Nq793T1iLePNTs7tCyEoUiDpLEf4jCFZ","folder","application/vnd.google-apps.folder",,"2026-05-11T17:04:38.629Z","https://drive.google.com/drive/folders/1Nq793T1iLePNTs7tCyEoUiDpLEf4jCFZ",
"BIM_ROOT/8.00 MAQUETA INFRAWORK/ROLDAN.files/exploded","CULVERTS","1XGNRQTpQSZcs3EkdFcLAe7UUTvNelicx","folder","application/vnd.google-apps.folder",,"2026-05-11T17:04:38.640Z","https://drive.google.com/drive/folders/1XGNRQTpQSZcs3EkdFcLAe7UUTvNelicx",
"BIM_ROOT/8.00 MAQUETA INFRAWORK/ROLDAN.files/exploded","DATA_SOURCE_IMPORT_SNAPSHOTS","1DDnzCmS3jmIIuHInpr4TVe0Yxbm3XI5i","folder","application/vnd.google-apps.folder",,"2026-05-11T17:04:38.633Z","https://drive.google.com/drive/folders/1DDnzCmS3jmIIuHInpr4TVe0Yxbm3XI5i",
"BIM_ROOT/8.00 MAQUETA INFRAWORK/ROLDAN.files/exploded","DATA_SOURCES","1SdgGSn8Ul3LO02miajvmkErrdtJ8LyXG","folder","application/vnd.google-apps.folder",,"2026-05-11T17:04:38.641Z","https://drive.google.com/drive/folders/1SdgGSn8Ul3LO02miajvmkErrdtJ8LyXG",
"BIM_ROOT/8.00 MAQUETA INFRAWORK/ROLDAN.files/exploded","DECKS","13U5EGHCuTlB5bpulh3VNbH6vBqlcf0qu","folder","application/vnd.google-apps.folder",,"2026-05-11T17:04:38.627Z","https://drive.google.com/drive/folders/13U5EGHCuTlB5bpulh3VNbH6vBqlcf0qu",
"BIM_ROOT/8.00 MAQUETA INFRAWORK/ROLDAN.files/exploded","DRAINAGE_END_STRUCTURES","1EY53ZIPKex5lV1jFZDju7hbBAfib2GMy","folder","application/vnd.google-apps.folder",,"2026-05-11T17:04:38.633Z","https://drive.google.com/drive/folders/1EY53ZIPKex5lV1jFZDju7hbBAfib2GMy",
"BIM_ROOT/8.00 MAQUETA INFRAWORK/ROLDAN.files/exploded","EASEMENTS","1zHl9ZB_vDdm_PldmSucBG2GcWZ9OpkBh","folder","application/vnd.google-apps.folder",,"2026-05-11T17:04:38.642Z","https://drive.google.com/drive/folders/1zHl9ZB_vDdm_PldmSucBG2GcWZ9OpkBh",
"BIM_ROOT/8.00 MAQUETA INFRAWORK/ROLDAN.files/exploded","GENERIC_CITY_FEATURE_SETS","17IjzgxZjRCa4U6NDTkPVUoi0Nw-oPkc6","folder","application/vnd.google-apps.folder",,"2026-05-11T17:04:38.689Z","https://drive.google.com/drive/folders/17IjzgxZjRCa4U6NDTkPVUoi0Nw-oPkc6",
"BIM_ROOT/8.00 MAQUETA INFRAWORK/ROLDAN.files/exploded","GENERIC_CITY_FEATURES","11GMRw-jkznZja-31m6A5pnm5_nyuILya","folder","application/vnd.google-apps.folder",,"2026-05-11T17:04:38.645Z","https://drive.google.com/drive/folders/11GMRw-jkznZja-31m6A5pnm5_nyuILya",
"BIM_ROOT/8.00 MAQUETA INFRAWORK/ROLDAN.files/exploded","GIRDERS","1dMdSCXoHiUhmo7RKx8ws-gQG2FBKZxiu","folder","application/vnd.google-apps.folder",,"2026-05-11T17:04:38.688Z","https://drive.google.com/drive/folders/1dMdSCXoHiUhmo7RKx8ws-gQG2FBKZxiu",
"BIM_ROOT/8.00 MAQUETA INFRAWORK/ROLDAN.files/exploded","GIRDERSEGMENTGROUPS","1aiCdlfbc_e6Wxo-6Eo46VYXy7Ip1xcUh","folder","application/vnd.google-apps.folder",,"2026-05-11T17:04:38.681Z","https://drive.google.com/drive/folders/1aiCdlfbc_e6Wxo-6Eo46VYXy7Ip1xcUh",
"BIM_ROOT/8.00 MAQUETA INFRAWORK/ROLDAN.files/exploded","H_CONSTRAINTS","1uj730IH0GRzXlmCI5cL9oGEpSLS1ZCWo","folder","application/vnd.google-apps.folder",,"2026-05-11T17:04:38.680Z","https://drive.google.com/drive/folders/1uj730IH0GRzXlmCI5cL9oGEpSLS1ZCWo",
"BIM_ROOT/8.00 MAQUETA INFRAWORK/ROLDAN.files/exploded","INTERSECTION_ARMS","1AGgKyC6L-9o22GlNifsmXb4GzKyftKiB","folder","application/vnd.google-apps.folder",,"2026-05-11T17:04:38.685Z","https://drive.google.com/drive/folders/1AGgKyC6L-9o22GlNifsmXb4GzKyftKiB",
"BIM_ROOT/8.00 MAQUETA INFRAWORK/ROLDAN.files/exploded","INTERSECTION_REGIONS","1bCbc-sAbGBIrE74mny25HJaiLYmLGtY0","folder","application/vnd.google-apps.folder",,"2026-05-11T17:04:39.660Z","https://drive.google.com/drive/folders/1bCbc-sAbGBIrE74mny25HJaiLYmLGtY0",
"BIM_ROOT/8.00 MAQUETA INFRAWORK/ROLDAN.files/exploded","INTERSECTIONS","1P0qxGTB8TZMzskTOMW0QxzJVqgCOX84V","folder","application/vnd.google-apps.folder",,"2026-05-11T17:04:38.674Z","https://drive.google.com/drive/folders/1P0qxGTB8TZMzskTOMW0QxzJVqgCOX84V",
"BIM_ROOT/8.00 MAQUETA INFRAWORK/ROLDAN.files/exploded","LAND_AREAS","1K72ZvN2sJx1Dn5jVwnOIhS093unWxnLW","folder","application/vnd.google-apps.folder",,"2026-05-11T17:04:39.649Z","https://drive.google.com/drive/folders/1K72ZvN2sJx1Dn5jVwnOIhS093unWxnLW",
"BIM_ROOT/8.00 MAQUETA INFRAWORK/ROLDAN.files/exploded","LINEAR_DECORATIONS","1dI6k4DJipdZETj8MVQtU-hSAWdvMRS2X","folder","application/vnd.google-apps.folder",,"2026-05-11T17:04:39.664Z","https://drive.google.com/drive/folders/1dI6k4DJipdZETj8MVQtU-hSAWdvMRS2X",
"BIM_ROOT/8.00 MAQUETA INFRAWORK/ROLDAN.files/exploded","LINEAR_FEATURES","1LNLWF3CSb5rA6vASwtgMUPHaxxsUzQp8","folder","application/vnd.google-apps.folder",,"2026-05-11T17:04:39.669Z","https://drive.google.com/drive/folders/1LNLWF3CSb5rA6vASwtgMUPHaxxsUzQp8",
"BIM_ROOT/8.00 MAQUETA INFRAWORK/ROLDAN.files/exploded","MARKUP","1udVzAmLRK6iUsZnYnYWQmHaXG5kO6ckR","folder","application/vnd.google-apps.folder",,"2026-05-11T17:04:39.658Z","https://drive.google.com/drive/folders/1udVzAmLRK6iUsZnYnYWQmHaXG5kO6ckR",
"BIM_ROOT/8.00 MAQUETA INFRAWORK/ROLDAN.files/exploded","PARAMETRIC_SEGMENT_SETS","1B4smUKi_VZh46JhzIlyAZuIvcfIYSN2D","folder","application/vnd.google-apps.folder",,"2026-05-11T17:04:39.669Z","https://drive.google.com/drive/folders/1B4smUKi_VZh46JhzIlyAZuIvcfIYSN2D",
"BIM_ROOT/8.00 MAQUETA INFRAWORK/ROLDAN.files/exploded","PARAMETRIC_SEGMENTS","1FDLQB9nTVAC_I-m70JVNcxot4fRk5pv4","folder","application/vnd.google-apps.folder",,"2026-05-11T17:04:39.667Z","https://drive.google.com/drive/folders/1FDLQB9nTVAC_I-m70JVNcxot4fRk5pv4",
"BIM_ROOT/8.00 MAQUETA INFRAWORK/ROLDAN.files/exploded","PARCELS","1rxUS2YA_Gn1OezthBDVvTwPNs26bVF2O","folder","application/vnd.google-apps.folder",,"2026-05-11T17:04:39.666Z","https://drive.google.com/drive/folders/1rxUS2YA_Gn1OezthBDVvTwPNs26bVF2O",
"BIM_ROOT/8.00 MAQUETA INFRAWORK/ROLDAN.files/exploded","PARKING_AREAS","1MpYOW5tfipXGIWs_He3wA_naBr9Lb8ZB","folder","application/vnd.google-apps.folder",,"2026-05-11T17:04:39.657Z","https://drive.google.com/drive/folders/1MpYOW5tfipXGIWs_He3wA_naBr9Lb8ZB",
"BIM_ROOT/8.00 MAQUETA INFRAWORK/ROLDAN.files/exploded","PARKING_ROWS","16IhZ1UF0xc59tiBVK0Ca09gMr7t-FMmR","folder","application/vnd.google-apps.folder",,"2026-05-11T17:04:39.666Z","https://drive.google.com/drive/folders/16IhZ1UF0xc59tiBVK0Ca09gMr7t-FMmR",
"BIM_ROOT/8.00 MAQUETA INFRAWORK/ROLDAN.files/exploded","PATH_RELATIONSHIPS","1zBnbYZXKYcvomoeGsA8GxUW1jGB74cNw","folder","application/vnd.google-apps.folder",,"2026-05-11T17:04:39.703Z","https://drive.google.com/drive/folders/1zBnbYZXKYcvomoeGsA8GxUW1jGB74cNw",
"BIM_ROOT/8.00 MAQUETA INFRAWORK/ROLDAN.files/exploded","PIERFOUNDATIONS","1J4y7fltXgbZwjfTQUahtDbomfKvkLl5p","folder","application/vnd.google-apps.folder",,"2026-05-11T17:04:39.693Z","https://drive.google.com/drive/folders/1J4y7fltXgbZwjfTQUahtDbomfKvkLl5p",
"BIM_ROOT/8.00 MAQUETA INFRAWORK/ROLDAN.files/exploded","PIERS","1ldHAikYhzHonKFHLJ9znhW9AqCH4Tng-","folder","application/vnd.google-apps.folder",,"2026-05-11T17:04:39.715Z","https://drive.google.com/drive/folders/1ldHAikYhzHonKFHLJ9znhW9AqCH4Tng-",
"BIM_ROOT/8.00 MAQUETA INFRAWORK/ROLDAN.files/exploded","PIPE_CONNECTORS","1xbWS868lBicQ4ZoP7Qw7O-RW6aqjcWTs","folder","application/vnd.google-apps.folder",,"2026-05-11T17:04:39.695Z","https://drive.google.com/drive/folders/1xbWS868lBicQ4ZoP7Qw7O-RW6aqjcWTs",
"BIM_ROOT/8.00 MAQUETA INFRAWORK/ROLDAN.files/exploded","PIPELINES","1t3jMfkLivzwowX_xzseq7br3aUizpkjC","folder","application/vnd.google-apps.folder",,"2026-05-11T17:04:39.689Z","https://drive.google.com/drive/folders/1t3jMfkLivzwowX_xzseq7br3aUizpkjC",
"BIM_ROOT/8.00 MAQUETA INFRAWORK/ROLDAN.files/exploded","POINT_CLOUDS","1I2rAMfNZzzGdItLxv1WD0IAI5ZADmA3u","folder","application/vnd.google-apps.folder",,"2026-05-11T17:04:39.704Z","https://drive.google.com/drive/folders/1I2rAMfNZzzGdItLxv1WD0IAI5ZADmA3u",
"BIM_ROOT/8.00 MAQUETA INFRAWORK/ROLDAN.files/exploded","POIS","15mQhVumM3K6UAvalolQounpcSQpI13gg","folder","application/vnd.google-apps.folder",,"2026-05-11T17:04:40.661Z","https://drive.google.com/drive/folders/15mQhVumM3K6UAvalolQounpcSQpI13gg",
"BIM_ROOT/8.00 MAQUETA INFRAWORK/ROLDAN.files/exploded","PORTALS","1IpAwfO3BZp7QSsnpSzgK2KM_Z1btSdIc","folder","application/vnd.google-apps.folder",,"2026-05-11T17:04:40.673Z","https://drive.google.com/drive/folders/1IpAwfO3BZp7QSsnpSzgK2KM_Z1btSdIc",
"BIM_ROOT/8.00 MAQUETA INFRAWORK/ROLDAN.files/exploded","PRIMITIVES","11wduwsM2rUJe8BSWgyxRuNiOQBsDLNGC","folder","application/vnd.google-apps.folder",,"2026-05-11T17:04:40.674Z","https://drive.google.com/drive/folders/11wduwsM2rUJe8BSWgyxRuNiOQBsDLNGC",
"BIM_ROOT/8.00 MAQUETA INFRAWORK/ROLDAN.files/exploded","RAILWAYS","17K51wspGOvK4AWgQxB3SylHc4ABM055Q","folder","application/vnd.google-apps.folder",,"2026-05-11T17:04:40.676Z","https://drive.google.com/drive/folders/17K51wspGOvK4AWgQxB3SylHc4ABM055Q",
"BIM_ROOT/8.00 MAQUETA INFRAWORK/ROLDAN.files/exploded","RIGHT_OF_WAYS","18CNzN2MSeZzE4odUtKA8IFfXyVHB4pn7","folder","application/vnd.google-apps.folder",,"2026-05-11T17:04:40.672Z","https://drive.google.com/drive/folders/18CNzN2MSeZzE4odUtKA8IFfXyVHB4pn7",
"BIM_ROOT/8.00 MAQUETA INFRAWORK/ROLDAN.files/exploded","ROADS","1O7R26Zry9x3eeHvW3Y1GzQmtwU77RIfO","folder","application/vnd.google-apps.folder",,"2026-05-11T17:04:40.681Z","https://drive.google.com/drive/folders/1O7R26Zry9x3eeHvW3Y1GzQmtwU77RIfO",
"BIM_ROOT/8.00 MAQUETA INFRAWORK/ROLDAN.files/exploded","ROUNDABOUTS","1nZyOwnIcCEMcuiRijZqcqL9haMcfn-Tb","folder","application/vnd.google-apps.folder",,"2026-05-11T17:04:40.677Z","https://drive.google.com/drive/folders/1nZyOwnIcCEMcuiRijZqcqL9haMcfn-Tb",
"BIM_ROOT/8.00 MAQUETA INFRAWORK/ROLDAN.files/exploded","SCHEMA_VERSION","1zr1KKkuIZFJMwxQ48qcFTAS5Or4x1Dcf","folder","application/vnd.google-apps.folder",,"2026-05-11T17:04:40.683Z","https://drive.google.com/drive/folders/1zr1KKkuIZFJMwxQ48qcFTAS5Or4x1Dcf",
"BIM_ROOT/8.00 MAQUETA INFRAWORK/ROLDAN.files/exploded","SITES","1ciGoZr0Gy5XhXgz_UZmC0d1y6m2uAnCV","folder","application/vnd.google-apps.folder",,"2026-05-11T17:04:40.680Z","https://drive.google.com/drive/folders/1ciGoZr0Gy5XhXgz_UZmC0d1y6m2uAnCV",
"BIM_ROOT/8.00 MAQUETA INFRAWORK/ROLDAN.files/exploded","SLICE_DEFINITIONS","1f6_kFqHllo7aPAEqLCqE2kFibMyrhU1J","folder","application/vnd.google-apps.folder",,"2026-05-11T17:04:40.681Z","https://drive.google.com/drive/folders/1f6_kFqHllo7aPAEqLCqE2kFibMyrhU1J",
"BIM_ROOT/8.00 MAQUETA INFRAWORK/ROLDAN.files/exploded","SPATIAL_DEPENDENCIES","10kqwTiP3fan8JihCAtrE1GdQl7O5C97V","folder","application/vnd.google-apps.folder",,"2026-05-11T17:04:40.700Z","https://drive.google.com/drive/folders/10kqwTiP3fan8JihCAtrE1GdQl7O5C97V",
"BIM_ROOT/8.00 MAQUETA INFRAWORK/ROLDAN.files/exploded","STREAMS","1_wr96Jc6fAt9v0dDmGzcSroFPx2bc8CC","folder","application/vnd.google-apps.folder",,"2026-05-11T17:04:40.711Z","https://drive.google.com/drive/folders/1_wr96Jc6fAt9v0dDmGzcSroFPx2bc8CC",
"BIM_ROOT/8.00 MAQUETA INFRAWORK/ROLDAN.files/exploded","STYLE_RULES","18oSpi1WgOw5RIoOGotlhm58rjFSk6wnP","folder","application/vnd.google-apps.folder",,"2026-05-11T17:04:40.717Z","https://drive.google.com/drive/folders/18oSpi1WgOw5RIoOGotlhm58rjFSk6wnP",
"BIM_ROOT/8.00 MAQUETA INFRAWORK/ROLDAN.files/exploded","SUPERELEVATED_CURVE_DATA","1IXqwazUvn-CJ5BoFNcGasqjcwJHmYrb-","folder","application/vnd.google-apps.folder",,"2026-05-11T17:04:40.716Z","https://drive.google.com/drive/folders/1IXqwazUvn-CJ5BoFNcGasqjcwJHmYrb-",
"BIM_ROOT/8.00 MAQUETA INFRAWORK/ROLDAN.files/exploded","TERRAIN_OPERATIONS","19gcevMWmK1_QHTR4biwCVTZeFi4ZAfW6","folder","application/vnd.google-apps.folder",,"2026-05-11T17:04:40.702Z","https://drive.google.com/drive/folders/19gcevMWmK1_QHTR4biwCVTZeFi4ZAfW6",
"BIM_ROOT/8.00 MAQUETA INFRAWORK/ROLDAN.files/exploded","TERRAIN_OVERLAYS","1Su6qLhsbOwYCwtDpqxLebAvXOhELGodS","folder","application/vnd.google-apps.folder",,"2026-05-11T17:04:40.705Z","https://drive.google.com/drive/folders/1Su6qLhsbOwYCwtDpqxLebAvXOhELGodS",
"BIM_ROOT/8.00 MAQUETA INFRAWORK/ROLDAN.files/exploded","TERRAIN_SURFACE_LAYERS","1smrrIUu7XfoEdFCrKQhYrTHzq6qikCNL","folder","application/vnd.google-apps.folder",,"2026-05-11T17:04:41.811Z","https://drive.google.com/drive/folders/1smrrIUu7XfoEdFCrKQhYrTHzq6qikCNL",
"BIM_ROOT/8.00 MAQUETA INFRAWORK/ROLDAN.files/exploded","TERRAIN_SURFACES","1vIUhUcMJyyBlkryc5eg06DPqbROKj_H7","folder","application/vnd.google-apps.folder",,"2026-05-11T17:04:41.807Z","https://drive.google.com/drive/folders/1vIUhUcMJyyBlkryc5eg06DPqbROKj_H7",
"BIM_ROOT/8.00 MAQUETA INFRAWORK/ROLDAN.files/exploded","TERRAIN_TEXTURES","10TmpR2uudiDjM523BIgSjPkI2sK8cb8s","folder","application/vnd.google-apps.folder",,"2026-05-11T17:04:41.795Z","https://drive.google.com/drive/folders/10TmpR2uudiDjM523BIgSjPkI2sK8cb8s",
"BIM_ROOT/8.00 MAQUETA INFRAWORK/ROLDAN.files/exploded","TG_GMF_INTERSECTIONS","1Gpb0-V9Aw8XfoOKioqJGP0fDpLm4kOPX","folder","application/vnd.google-apps.folder",,"2026-05-11T17:04:41.802Z","https://drive.google.com/drive/folders/1Gpb0-V9Aw8XfoOKioqJGP0fDpLm4kOPX",
"BIM_ROOT/8.00 MAQUETA INFRAWORK/ROLDAN.files/exploded","TRAFFIC_STUDY_AREAS","1T1CIex5OxG3nlzrtg3VHzRxPRZ-YoFSX","folder","application/vnd.google-apps.folder",,"2026-05-11T17:04:41.805Z","https://drive.google.com/drive/folders/1T1CIex5OxG3nlzrtg3VHzRxPRZ-YoFSX",
"BIM_ROOT/8.00 MAQUETA INFRAWORK/ROLDAN.files/exploded","TREES","1rDJFTiRWYODeV4V0j42elMjSnh_aXwui","folder","application/vnd.google-apps.folder",,"2026-05-11T17:04:41.795Z","https://drive.google.com/drive/folders/1rDJFTiRWYODeV4V0j42elMjSnh_aXwui",
"BIM_ROOT/8.00 MAQUETA INFRAWORK/ROLDAN.files/exploded","TUNNEL_SEGMENTS","1Qk-cdp3bHWTJGbyEqT0bQlAKdnEx7Tof","folder","application/vnd.google-apps.folder",,"2026-05-11T17:04:41.794Z","https://drive.google.com/drive/folders/1Qk-cdp3bHWTJGbyEqT0bQlAKdnEx7Tof",
"BIM_ROOT/8.00 MAQUETA INFRAWORK/ROLDAN.files/exploded","TUNNELS","1dEegeXWc6pblfCNLJoBOq9FJ_aILbklW","folder","application/vnd.google-apps.folder",,"2026-05-11T17:04:41.803Z","https://drive.google.com/drive/folders/1dEegeXWc6pblfCNLJoBOq9FJ_aILbklW",
"BIM_ROOT/8.00 MAQUETA INFRAWORK/ROLDAN.files/exploded","V_CONSTRAINTS","1wpKzT6bdH4SNjmP-rQyX81ZjpLD9smwj","folder","application/vnd.google-apps.folder",,"2026-05-11T17:04:41.807Z","https://drive.google.com/drive/folders/1wpKzT6bdH4SNjmP-rQyX81ZjpLD9smwj",
"BIM_ROOT/8.00 MAQUETA INFRAWORK/ROLDAN.files/exploded","WATER_AREAS","1BULfvXjiFkTFCRX0177HVyNHb-eeyYfJ","folder","application/vnd.google-apps.folder",,"2026-05-11T17:04:41.811Z","https://drive.google.com/drive/folders/1BULfvXjiFkTFCRX0177HVyNHb-eeyYfJ",
"BIM_ROOT/8.00 MAQUETA INFRAWORK/ROLDAN.files/exploded","WATERSHEDS","1nim1OWgHvwdJQ9LJfxS_HF6RO6biguu5","folder","application/vnd.google-apps.folder",,"2026-05-11T17:04:41.803Z","https://drive.google.com/drive/folders/1nim1OWgHvwdJQ9LJfxS_HF6RO6biguu5",
"BIM_ROOT/8.00 MAQUETA INFRAWORK/ROLDAN.files/exploded","schema","19xYD-ojsHlOtAn6An7nid1UGoQ8zLP_V","file","application/octet-stream","132953","2025-02-06T14:34:11.000Z","https://drive.google.com/file/d/19xYD-ojsHlOtAn6An7nid1UGoQ8zLP_V/view?usp=drivesdk",""
"BIM_ROOT/8.00 MAQUETA INFRAWORK/ROLDAN.files","import","1qsV6CQpeijkAfyL0nip0GRIlt2EjIom2","folder","application/vnd.google-apps.folder",,"2026-05-11T17:04:35.444Z","https://drive.google.com/drive/folders/1qsV6CQpeijkAfyL0nip0GRIlt2EjIom2",
"BIM_ROOT/8.00 MAQUETA INFRAWORK/ROLDAN.files/import","snapshots","1LuMmtOIlYN41tzH1EPtJCKQf3EkF069Z","folder","application/vnd.google-apps.folder",,"2026-05-11T17:04:41.811Z","https://drive.google.com/drive/folders/1LuMmtOIlYN41tzH1EPtJCKQf3EkF069Z",
"BIM_ROOT/8.00 MAQUETA INFRAWORK/ROLDAN.files","Resources","1UbeHDYnMNE6MS0bMm5Ae6dRMpXdr9YMS","folder","application/vnd.google-apps.folder",,"2026-05-11T17:04:35.441Z","https://drive.google.com/drive/folders/1UbeHDYnMNE6MS0bMm5Ae6dRMpXdr9YMS",
"BIM_ROOT/8.00 MAQUETA INFRAWORK/ROLDAN.files/Resources","IMX","1QkgnGMsN-pcqUxPDSK7WSXrsxTZE8MeJ","folder","application/vnd.google-apps.folder",,"2026-05-11T17:04:41.809Z","https://drive.google.com/drive/folders/1QkgnGMsN-pcqUxPDSK7WSXrsxTZE8MeJ",
"BIM_ROOT/8.00 MAQUETA INFRAWORK/ROLDAN.files/Resources","TerrainSurfaces","129fIckSj0vUjkEn2LzVBZO934-QkIP32","folder","application/vnd.google-apps.folder",,"2026-05-11T17:04:41.817Z","https://drive.google.com/drive/folders/129fIckSj0vUjkEn2LzVBZO934-QkIP32",
"BIM_ROOT/8.00 MAQUETA INFRAWORK/ROLDAN.files/Resources","TerrainTextures","1gGpoCzGi1It3I_ZxG0P8aZInqSSISrbV","folder","application/vnd.google-apps.folder",,"2026-05-11T17:04:41.802Z","https://drive.google.com/drive/folders/1gGpoCzGi1It3I_ZxG0P8aZInqSSISrbV",
"BIM_ROOT/8.00 MAQUETA INFRAWORK/ROLDAN.files/Resources","Translations","11JoYDAagY-VoG8WTqN5qtpGQPXp8AfPp","folder","application/vnd.google-apps.folder",,"2026-05-11T17:04:41.818Z","https://drive.google.com/drive/folders/11JoYDAagY-VoG8WTqN5qtpGQPXp8AfPp",
"BIM_ROOT/8.00 MAQUETA INFRAWORK/ROLDAN.files","styles","1xDLsXdy4-8LwxuuyGx0lHJlLuNchm4eD","folder","application/vnd.google-apps.folder",,"2026-05-11T17:04:35.448Z","https://drive.google.com/drive/folders/1xDLsXdy4-8LwxuuyGx0lHJlLuNchm4eD",
"BIM_ROOT/8.00 MAQUETA INFRAWORK/ROLDAN.files/styles","Defs","1AV9KDwLytovJ_nv4Q1RU4ZDKqis-YILy","folder","application/vnd.google-apps.folder",,"2026-05-11T17:04:36.679Z","https://drive.google.com/drive/folders/1AV9KDwLytovJ_nv4Q1RU4ZDKqis-YILy",
"BIM_ROOT/8.00 MAQUETA INFRAWORK/ROLDAN.files/styles","Library","1e3XE9ThBBPEZk68oJ0N9ZsQdveaxDIk2","folder","application/vnd.google-apps.folder",,"2026-05-11T17:04:36.670Z","https://drive.google.com/drive/folders/1e3XE9ThBBPEZk68oJ0N9ZsQdveaxDIk2",
"BIM_ROOT/8.00 MAQUETA INFRAWORK/ROLDAN.files/styles","palettes","1QKn6iBrFy53OFbb8qUetKna_Ktuq-pB2","folder","application/vnd.google-apps.folder",,"2026-05-11T17:04:36.681Z","https://drive.google.com/drive/folders/1QKn6iBrFy53OFbb8qUetKna_Ktuq-pB2",
"BIM_ROOT/8.00 MAQUETA INFRAWORK/ROLDAN.files/styles","panels","1yuMhkTaJwuGcRotBvdlFjZ4BrpNBZMCE","folder","application/vnd.google-apps.folder",,"2026-05-11T17:04:37.636Z","https://drive.google.com/drive/folders/1yuMhkTaJwuGcRotBvdlFjZ4BrpNBZMCE",
"BIM_ROOT/8.00 MAQUETA INFRAWORK/ROLDAN.files/styles","rules","1QDIW6CAGB6KpriEurqMGJEJbq1PEEp9i","folder","application/vnd.google-apps.folder",,"2026-05-11T17:04:37.633Z","https://drive.google.com/drive/folders/1QDIW6CAGB6KpriEurqMGJEJbq1PEEp9i",
"BIM_ROOT/8.00 MAQUETA INFRAWORK/ROLDAN.files/styles","symboldef","1N0oEY-AOb53kO2WgAURfEMuFMPDjRaxw","folder","application/vnd.google-apps.folder",,"2026-05-11T17:04:37.627Z","https://drive.google.com/drive/folders/1N0oEY-AOb53kO2WgAURfEMuFMPDjRaxw",
"BIM_ROOT/8.00 MAQUETA INFRAWORK/ROLDAN.files","unver","1GT_cIu8gScUxNT47QPTi1dYYrdbooYTJ","folder","application/vnd.google-apps.folder",,"2026-05-11T17:04:35.436Z","https://drive.google.com/drive/folders/1GT_cIu8gScUxNT47QPTi1dYYrdbooYTJ",
"BIM_ROOT/8.00 MAQUETA INFRAWORK/ROLDAN.files/unver",".git","1s74t4AiMyulvNxwWUmvswrGOqkFZDhgW","folder","application/vnd.google-apps.folder",,"2026-05-11T17:04:36.615Z","https://drive.google.com/drive/folders/1s74t4AiMyulvNxwWUmvswrGOqkFZDhgW",
"BIM_ROOT/8.00 MAQUETA INFRAWORK/ROLDAN.files/unver","ClassTooltips","11ngbWfefuPlWdVQJPQ0TURJOfuoMLuan","folder","application/vnd.google-apps.folder",,"2026-05-11T17:04:36.628Z","https://drive.google.com/drive/folders/11ngbWfefuPlWdVQJPQ0TURJOfuoMLuan",
"BIM_ROOT/8.00 MAQUETA INFRAWORK/ROLDAN.files/unver","Content","1gT7W3cAlJ4eDsrqcnYjpTX1UN-kckfC0","folder","application/vnd.google-apps.folder",,"2026-05-11T17:04:36.626Z","https://drive.google.com/drive/folders/1gT7W3cAlJ4eDsrqcnYjpTX1UN-kckfC0",
"BIM_ROOT/8.00 MAQUETA INFRAWORK/ROLDAN.files/unver","DrawTools","187H0bGmHEyFBAyxn7SgUEfdqt5U4gMAB","folder","application/vnd.google-apps.folder",,"2026-05-11T17:04:36.628Z","https://drive.google.com/drive/folders/187H0bGmHEyFBAyxn7SgUEfdqt5U4gMAB",
"BIM_ROOT/8.00 MAQUETA INFRAWORK/ROLDAN.files/unver","ModelExplorer","1Qv73mWEswLj9Nq_-vdO4LH8JfwU92ZnK","folder","application/vnd.google-apps.folder",,"2026-05-11T17:04:36.627Z","https://drive.google.com/drive/folders/1Qv73mWEswLj9Nq_-vdO4LH8JfwU92ZnK",
"BIM_ROOT/8.00 MAQUETA INFRAWORK/ROLDAN.files/unver","Quantities","1ZUHxHFsCUjzPARVqKtWfqrUi3NftIldp","folder","application/vnd.google-apps.folder",,"2026-05-11T17:04:36.627Z","https://drive.google.com/drive/folders/1ZUHxHFsCUjzPARVqKtWfqrUi3NftIldp",
"BIM_ROOT/8.00 MAQUETA INFRAWORK/ROLDAN.files/unver","Stories","1cVVIm_7O7JQwn4BZ-kU0_3boAcNsQiof","folder","application/vnd.google-apps.folder",,"2026-05-11T17:04:36.621Z","https://drive.google.com/drive/folders/1cVVIm_7O7JQwn4BZ-kU0_3boAcNsQiof",
"BIM_ROOT/8.00 MAQUETA INFRAWORK/ROLDAN.files/unver","Theming","1gcs2sWbK4OAQEpwxJZzw17kgmov_hwWe","folder","application/vnd.google-apps.folder",,"2026-05-11T17:04:36.638Z","https://drive.google.com/drive/folders/1gcs2sWbK4OAQEpwxJZzw17kgmov_hwWe",
"BIM_ROOT/8.00 MAQUETA INFRAWORK/ROLDAN.files/unver",".gitignore","1eK9cDg0xXJOA9L6e_RuHN4xP0hTY_f43","file","application/octet-stream","21","2025-02-06T14:34:16.000Z","https://drive.google.com/file/d/1eK9cDg0xXJOA9L6e_RuHN4xP0hTY_f43/view?usp=drivesdk",""
"BIM_ROOT/8.00 MAQUETA INFRAWORK/ROLDAN.files/unver","CoordinateSystem.xml","1b70gDKoX2_HhLnBA3AFJI_N6dNUq1mco","file","text/xml","3122","2025-02-06T14:34:18.000Z","https://drive.google.com/file/d/1b70gDKoX2_HhLnBA3AFJI_N6dNUq1mco/view?usp=drivesdk","xml"
"BIM_ROOT/8.00 MAQUETA INFRAWORK/ROLDAN.files/unver","LocalCache.info.json","12L5dXTYUj-UIDdJ6A-BMwomF3Sx_GfrJ","file","application/json","32","2026-04-16T23:31:47.000Z","https://drive.google.com/file/d/12L5dXTYUj-UIDdJ6A-BMwomF3Sx_GfrJ/view?usp=drivesdk","json"
"BIM_ROOT/8.00 MAQUETA INFRAWORK/ROLDAN.files/unver","ModelSettings.json","1fI3NvaIpGvxIG9S12Rbvzdnoo53hV_EM","file","application/json","2194","2026-04-16T23:31:45.000Z","https://drive.google.com/file/d/1fI3NvaIpGvxIG9S12Rbvzdnoo53hV_EM/view?usp=drivesdk","json"
"BIM_ROOT/8.00 MAQUETA INFRAWORK/ROLDAN.files/unver","placeholder","1-5xylOHOiZG6IU0kyHNAW1g5JDx6I5HE","file","application/octet-stream","0","2025-02-06T14:34:16.000Z","https://drive.google.com/file/d/1-5xylOHOiZG6IU0kyHNAW1g5JDx6I5HE/view?usp=drivesdk",""
"BIM_ROOT/8.00 MAQUETA INFRAWORK/ROLDAN.files/unver","SunAndSky.json","1FMY2llOhmIj7DQPhkPJditYoAZJPZ6Yq","file","application/json","240","2026-04-16T23:31:45.000Z","https://drive.google.com/file/d/1FMY2llOhmIj7DQPhkPJditYoAZJPZ6Yq/view?usp=drivesdk","json"
"BIM_ROOT/8.00 MAQUETA INFRAWORK/ROLDAN.files/unver","Thumbnail.png","1hZNr-cioEljGdETXVqNxiNyweuvB8zDB","file","image/png","172984","2025-02-06T19:47:15.000Z","https://drive.google.com/file/d/1hZNr-cioEljGdETXVqNxiNyweuvB8zDB/view?usp=drivesdk","png"
"BIM_ROOT/8.00 MAQUETA INFRAWORK/ROLDAN.files",".gitignore","1VZfXxydvlS2XxUqGxl50Er3IM_q96DTO","file","application/octet-stream","392","2025-02-06T14:34:11.000Z","https://drive.google.com/file/d/1VZfXxydvlS2XxUqGxl50Er3IM_q96DTO/view?usp=drivesdk",""
"BIM_ROOT/8.00 MAQUETA INFRAWORK","SUPERADO","1DF0e-fxsXaQz_82xGsscn-az2ANYOlsw","folder","application/vnd.google-apps.folder",,"2026-05-11T17:02:09.773Z","https://drive.google.com/drive/folders/1DF0e-fxsXaQz_82xGsscn-az2ANYOlsw",
"BIM_ROOT/8.00 MAQUETA INFRAWORK/SUPERADO","CERRO AZUL  - CAÑETE.files","1Tv98cxQ71R3XTjQsYq36pK48B_4e_DrT","folder","application/vnd.google-apps.folder",,"2026-04-16T20:32:42.464Z","https://drive.google.com/drive/folders/1Tv98cxQ71R3XTjQsYq36pK48B_4e_DrT",
"BIM_ROOT/8.00 MAQUETA INFRAWORK/SUPERADO/CERRO AZUL  - CAÑETE.files",".git","100vi6fSfAqIMHeD6K14qpFEOUPb3mNDS","folder","application/vnd.google-apps.folder",,"2026-04-16T20:32:43.143Z","https://drive.google.com/drive/folders/100vi6fSfAqIMHeD6K14qpFEOUPb3mNDS",
"BIM_ROOT/8.00 MAQUETA INFRAWORK/SUPERADO/CERRO AZUL  - CAÑETE.files","exploded","1hXp0KwcCSBojoxWlryT7nkWXjJHFkhdW","folder","application/vnd.google-apps.folder",,"2026-04-16T20:32:43.138Z","https://drive.google.com/drive/folders/1hXp0KwcCSBojoxWlryT7nkWXjJHFkhdW",
"BIM_ROOT/8.00 MAQUETA INFRAWORK/SUPERADO/CERRO AZUL  - CAÑETE.files","import","1T-bKLkwLHJQb3cd03K0XqSRnaoMoF_5a","folder","application/vnd.google-apps.folder",,"2026-04-16T20:32:43.149Z","https://drive.google.com/drive/folders/1T-bKLkwLHJQb3cd03K0XqSRnaoMoF_5a",
"BIM_ROOT/8.00 MAQUETA INFRAWORK/SUPERADO/CERRO AZUL  - CAÑETE.files","Resources","1Ct6y6MLQW4AEboTKFqGK7_X53PwNgMqP","folder","application/vnd.google-apps.folder",,"2026-04-16T20:32:43.145Z","https://drive.google.com/drive/folders/1Ct6y6MLQW4AEboTKFqGK7_X53PwNgMqP",
"BIM_ROOT/8.00 MAQUETA INFRAWORK/SUPERADO/CERRO AZUL  - CAÑETE.files","styles","1UTEh2oHGxWO7pOcTMdQRicjaWMc-xwgM","folder","application/vnd.google-apps.folder",,"2026-04-16T20:32:43.147Z","https://drive.google.com/drive/folders/1UTEh2oHGxWO7pOcTMdQRicjaWMc-xwgM",
"BIM_ROOT/8.00 MAQUETA INFRAWORK/SUPERADO/CERRO AZUL  - CAÑETE.files","unver","1hGNpll6RUkrbuHgjtK_MPoJ-qpIqTyHH","folder","application/vnd.google-apps.folder",,"2026-04-16T20:32:43.156Z","https://drive.google.com/drive/folders/1hGNpll6RUkrbuHgjtK_MPoJ-qpIqTyHH",
"BIM_ROOT/8.00 MAQUETA INFRAWORK/SUPERADO/CERRO AZUL  - CAÑETE.files",".gitignore","1vZLWd0lWJAP1Ye87uLsgxYQP_QD-I0mG","file","application/octet-stream","392","2025-02-04T17:25:34.000Z","https://drive.google.com/file/d/1vZLWd0lWJAP1Ye87uLsgxYQP_QD-I0mG/view?usp=drivesdk",""
"BIM_ROOT/8.00 MAQUETA INFRAWORK/SUPERADO","CERRO AZUL  - CAÑETE.sqlite","1p00oThI5E6ZCJZNCwSmsxR4JPqEFMQCD","file","application/octet-stream","433688576","2025-02-05T23:52:19.000Z","https://drive.google.com/file/d/1p00oThI5E6ZCJZNCwSmsxR4JPqEFMQCD/view?usp=drivesdk","sqlite"
"BIM_ROOT/8.00 MAQUETA INFRAWORK","ROLDAN.sqlite","1L-3QsRfL9nF8n2bLfXqg2N7EM9SRPCen","file","application/octet-stream","443879424","2025-02-11T19:25:47.000Z","https://drive.google.com/file/d/1L-3QsRfL9nF8n2bLfXqg2N7EM9SRPCen/view?usp=drivesdk","sqlite"
